id,birth_date,sex,address,city,state,zip,phone_number,npi_number,pager_number,pgy_level_id,specialty_id,user_id,created_at,updated_at
4,2006-02-26,Female,3801 Skiles Lane Apt. 750,Doyleville,MO,10702-8909,1-272-298-6141,7053787142,5717428940,14,54,4,2023-04-22 04:34:32,2023-04-22 04:34:32
14,2013-03-29,Female,11577 Volkman Mountains,North Marta,MA,17138,445.536.8472,3279791819,3847640471,44,104,14,2023-04-22 04:34:33,2023-04-22 04:34:33
24,2022-05-11,Male,9352 Bette Heights Apt. 990,Rollinstad,NY,86896-7370,+1-520-384-2173,1298241630,9353715090,74,74,24,2023-04-22 04:34:33,2023-04-22 04:34:33
34,2010-06-27,Female,878 Jacobs Brooks,Powlowskitown,AZ,88532-1423,+1-828-660-3392,1552304029,2813678605,4,44,34,2023-04-22 04:34:34,2023-04-22 04:34:34
44,1997-10-10,Male,6109 Bernhard Locks Apt. 863,South Nyahport,OK,41506-0296,1-240-614-1189,4876404203,4668389206,4,64,44,2023-04-22 04:34:35,2023-04-22 04:34:35
54,1995-09-07,Male,117 Annabelle Stream Suite 899,Labadieville,ME,79276-6654,+1 (986) 566-8431,8267703922,2129930160,44,34,54,2023-04-22 04:34:36,2023-04-22 04:34:36
64,1992-07-15,Male,89120 Haven Well,North Izaiahbury,TN,58243,615-976-1515,1188330782,8420238180,34,4,64,2023-04-22 04:34:36,2023-04-22 04:34:36
74,2021-11-16,Female,407 Dach Run Suite 450,Devynport,RI,43871,1-580-919-2665,1307557131,7686040193,24,24,74,2023-04-22 04:34:37,2023-04-22 04:34:37
84,1985-07-01,Male,997 Heaney Stravenue,West Brigitte,MS,94561,479-680-3533,8133909179,1669301071,64,84,84,2023-04-22 04:34:38,2023-04-22 04:34:38
94,2001-04-12,Female,950 Danielle Harbor,Destinytown,NV,18951,+1-574-504-2637,0814686441,8503314887,24,74,94,2023-04-22 04:34:38,2023-04-22 04:34:38
104,1980-09-18,Male,3593 Zachariah Fort,Kulastown,CO,22536-9077,+1-785-528-6533,1163944283,6528188941,24,74,104,2023-04-22 04:34:39,2023-04-22 04:34:39
114,1998-11-04,Male,89124 Waino Gardens,Lake Naomibury,AZ,22445,(754) 730-1201,7745051392,2507138390,4,84,114,2023-04-22 04:34:39,2023-04-22 04:34:39
124,2000-03-05,Female,269 Stoltenberg Underpass Apt. 193,South Jacehaven,IL,55401-7722,+1-747-419-8379,8499676117,6413973013,34,54,124,2023-04-22 04:34:40,2023-04-22 04:34:40
134,1975-03-12,Female,6225 Kshlerin Plain Apt. 699,Dibbertview,IN,60871-3018,1-508-584-0069,2142639213,8177112782,44,24,134,2023-04-22 04:34:41,2023-04-22 04:34:41
144,1976-02-10,Female,949 Frederick Ports Apt. 077,West Elissaburgh,GA,49576-4640,+1-979-498-9614,6207725475,6057214658,34,84,144,2023-04-22 04:34:41,2023-04-22 04:34:41
154,2001-10-23,Female,753 Tyrell Way,Lake Kelley,TN,18185,831.627.6147,4798450083,1865313597,54,44,154,2023-04-22 04:34:42,2023-04-22 04:34:42
164,1995-05-23,Female,15459 Marlon Hill Suite 250,North Vernicechester,FL,91958,+1 (330) 237-3910,4225757018,5466694506,74,104,164,2023-04-22 04:34:43,2023-04-22 04:34:43
174,1973-07-09,Female,60036 Franecki Hills Suite 984,Lake Orinberg,IN,67562,+13377019291,8584078711,4797594950,74,24,174,2023-04-22 04:34:43,2023-04-22 04:34:43
184,1992-04-26,Female,842 Brenden Mills,Ashleybury,WI,15098-9448,(843) 915-1873,3118329249,5818926016,24,94,184,2023-04-22 04:34:44,2023-04-22 04:34:44
194,1999-10-10,Female,47677 Nolan Motorway,Hildegardshire,SC,40244,+19204414532,9499690720,3953703206,14,24,194,2023-04-22 04:34:45,2023-04-22 04:34:45
204,2014-07-28,Male,14540 Quinten Locks Suite 947,West Arvidville,NY,84519,+1.631.261.6461,7106033875,6829376338,14,64,204,2023-04-22 04:34:46,2023-04-22 04:34:46
214,1973-03-27,Male,1652 Feest Passage,West Valentineton,AL,58416,+19382509027,6124858279,9354862066,4,94,214,2023-04-22 04:34:46,2023-04-22 04:34:46
224,1978-10-10,Male,8665 Scottie Valley,Ismaelfort,TN,44599,458-713-5303,9704227940,5239925524,54,104,224,2023-04-22 04:34:47,2023-04-22 04:34:47
234,2013-12-06,Male,138 Cummerata Mountain,Ernestton,KY,55532,(678) 910-5920,3690008785,6863027502,64,34,234,2023-04-22 04:34:48,2023-04-22 04:34:48
244,1988-07-26,Female,728 Janelle Terrace,Lelandton,OR,06779,743-972-9719,4753107911,4250559162,44,84,244,2023-04-22 04:34:48,2023-04-22 04:34:48
254,2007-10-22,Female,673 Kailey Skyway Apt. 835,Ryanport,CO,78295,+1.470.905.9488,1139701329,1467691730,44,44,254,2023-04-22 04:34:49,2023-04-22 04:34:49
264,1975-12-11,Male,39174 Eden Knoll Apt. 094,New Yvonne,AK,42422-3093,1-385-701-0721,1040201487,7954757599,34,84,264,2023-04-22 04:34:50,2023-04-22 04:34:50
274,1988-04-02,Male,370 Stiedemann Springs Suite 442,Rileyberg,NM,91893,(216) 832-4638,5824209080,2294388589,4,94,274,2023-04-22 04:34:50,2023-04-22 04:34:50
284,1977-11-14,Female,56454 Annalise Expressway Suite 149,Quigleyfort,RI,68196-3949,(720) 723-4672,9474175283,5092095960,34,94,284,2023-04-22 04:34:51,2023-04-22 04:34:51
294,1977-02-13,Male,2659 Antonette Station,Bahringerview,CA,35543-6670,+13145021670,4313770350,6227112122,14,84,294,2023-04-22 04:34:51,2023-04-22 04:34:51
304,2022-10-17,Female,324 Hartmann Drives Suite 000,Vivienview,MT,64539,+1.310.854.5960,2386674806,2712622616,4,34,304,2023-04-22 04:34:52,2023-04-22 04:34:52
314,2016-07-05,Female,802 Loren Avenue,Darrellshire,DE,58212,1-608-493-2552,2575318333,7312062762,4,34,314,2023-04-22 04:34:52,2023-04-22 04:34:52
324,1989-01-16,Male,209 Sanford Shoals,Lake Melbabury,ME,23872,1-850-750-9156,4424217678,9420355081,14,104,324,2023-04-22 04:34:53,2023-04-22 04:34:53
334,2014-07-29,Female,4181 Heller Way Suite 986,Erdmanview,MT,42668,+1 (220) 326-9446,1935793889,7181406117,34,14,334,2023-04-22 04:34:53,2023-04-22 04:34:53
344,1986-11-18,Male,2070 Cremin Ferry Suite 390,New Marietta,NM,15856,+19809473051,6737742819,2799164756,54,94,344,2023-04-22 04:34:54,2023-04-22 04:34:54
354,2014-07-11,Male,3121 Kemmer Way Apt. 763,Port Germanmouth,HI,75697-1034,630.594.8217,0859623998,8664438993,24,44,354,2023-04-22 04:34:54,2023-04-22 04:34:54
364,1974-04-04,Female,25026 Jacobson Fall Suite 386,North Earline,DC,22647-5861,+1-720-782-8682,8707243487,9085184895,54,94,364,2023-04-22 04:34:55,2023-04-22 04:34:55
374,1981-11-17,Male,986 Meaghan Springs Apt. 654,East Martin,DC,64447-9399,1-772-796-2502,8815701581,8134390790,14,84,374,2023-04-22 04:34:55,2023-04-22 04:34:55
384,2022-12-10,Male,214 Larkin Trafficway,Tillmanbury,NY,10382-1506,(585) 864-8098,2727941477,1521077089,14,104,384,2023-04-22 04:34:56,2023-04-22 04:34:56
394,1974-01-13,Male,51433 Lila Shores Suite 135,Schinnermouth,NH,88346-2007,303-447-5387,1237313322,6319662599,44,34,394,2023-04-22 04:34:56,2023-04-22 04:34:56
404,2012-05-11,Male,397 Elsa Views,Hellerview,GA,64269-3603,320.495.0459,0675375340,3465988459,24,14,404,2023-04-22 04:34:57,2023-04-22 04:34:57
414,2008-05-18,Female,76770 Misty Trail Apt. 271,Paulchester,SD,06991,341.424.2533,8461923531,8867349398,64,94,414,2023-04-22 04:34:58,2023-04-22 04:34:58
424,1973-11-06,Female,23618 Reynolds View Suite 506,North Delphia,CT,52545,361-788-9064,3576943798,9247738433,24,44,424,2023-04-22 04:34:58,2023-04-22 04:34:58
434,2005-03-04,Female,853 Blanda Road,East Asa,ND,10403-9008,(253) 285-6367,2820708489,2070805645,14,4,434,2023-04-22 04:34:59,2023-04-22 04:34:59
444,1980-07-09,Female,300 Domenica Crest Apt. 590,New Ezequielhaven,AR,30889,+19096877795,9555258899,5111480796,14,64,444,2023-04-22 04:35:00,2023-04-22 04:35:00
454,1998-11-18,Male,808 Hills Passage,Port Manuela,MA,13497-2170,+1-267-714-2016,8752487306,1799345558,34,24,454,2023-04-22 04:35:01,2023-04-22 04:35:01
464,2010-03-09,Female,4652 Von Plains Apt. 686,Metzstad,FL,96038,571.341.0414,8855543631,4946232178,24,54,464,2023-04-22 04:35:01,2023-04-22 04:35:01
474,1979-05-27,Female,8516 Odie Groves Suite 937,New Gracielastad,TX,83824,251.228.0934,9163603167,0526567158,44,74,474,2023-04-22 04:35:02,2023-04-22 04:35:02
484,1991-01-01,Male,582 Abe Park Suite 056,South Karsonberg,MO,21731,1-862-913-5121,6510477980,8825814613,24,54,484,2023-04-22 04:35:03,2023-04-22 04:35:03
494,1978-03-09,Male,1125 Schoen Villages Apt. 917,South Dominicfort,OR,67608-3495,930.522.5792,8825146828,8951519042,74,94,494,2023-04-22 04:35:04,2023-04-22 04:35:04
504,2002-01-15,Female,6093 Mills Causeway Apt. 711,Lake Dahliaside,OR,40623,+1 (785) 622-1706,0736643769,7801706624,44,44,504,2023-04-22 04:35:04,2023-04-22 04:35:04
514,1991-11-27,Male,471 Reuben Lodge Suite 234,East Vellastad,LA,25008-5969,1-220-944-3079,3619641265,5975065697,34,84,514,2023-04-22 04:35:05,2023-04-22 04:35:05
524,1985-07-29,Female,7566 Nola Harbors Suite 409,West Donnystad,TX,52459-7687,+1-512-985-7812,7149500007,0401174449,74,24,524,2023-04-22 04:35:05,2023-04-22 04:35:05
534,1992-06-14,Female,9193 Conroy Spring Apt. 221,Markston,ME,08623-6272,1-210-712-4973,3236601315,5784993397,24,54,534,2023-04-22 04:35:06,2023-04-22 04:35:06
544,1997-12-05,Female,768 Wilderman Fields Suite 164,East Anniemouth,PA,41327,754.302.2390,6069266627,5848761664,4,44,544,2023-04-22 04:35:07,2023-04-22 04:35:07
554,2007-02-22,Female,12191 Aliya Vista Apt. 305,Kingburgh,OR,00642-3603,858-795-6766,3493776258,6433181503,24,74,554,2023-04-22 04:35:08,2023-04-22 04:35:08
564,1985-09-30,Male,862 Ruecker Groves Suite 167,South Barry,TX,24182,1-706-761-0507,5613786805,7289500323,74,54,564,2023-04-22 04:35:08,2023-04-22 04:35:08
574,1995-08-28,Male,9585 Gibson Estates Suite 003,East Friedaport,MA,11188-4644,1-475-898-9677,2008646541,3443295794,4,104,574,2023-04-22 04:35:09,2023-04-22 04:35:09
584,1972-09-12,Female,2346 Stanley Stream Suite 186,West Beverly,MA,28600-4261,818.432.3612,8862887204,0770222853,64,44,584,2023-04-22 04:35:09,2023-04-22 04:35:09
594,1995-11-13,Female,8588 Kunze Ramp,Parkertown,TN,33392-2672,+1-765-491-7259,0869384969,1046751199,4,74,594,2023-04-22 04:35:10,2023-04-22 04:35:10
604,1984-11-15,Female,7345 Jon Field Suite 762,Lake Stefaniemouth,UT,52842,978.349.4660,7719752776,1077274490,14,94,604,2023-04-22 04:35:11,2023-04-22 04:35:11
614,2005-03-09,Male,854 Kaya Falls,Lake Dagmar,SD,48818,225.429.0646,6901263547,1772444631,74,44,614,2023-04-22 04:35:11,2023-04-22 04:35:11
624,2012-11-03,Female,35446 Wilkinson Squares Suite 982,Port Jayceeville,PA,76998,1-828-226-1209,8765174345,5010419191,4,64,624,2023-04-22 04:35:12,2023-04-22 04:35:12
634,1990-03-18,Female,3816 Hettinger Walks Apt. 154,South Aaron,DE,16965-8928,+1.650.556.7027,4381183361,6490230082,74,24,634,2023-04-22 04:35:13,2023-04-22 04:35:13
644,2006-12-23,Female,43852 Alfredo Pike Apt. 160,Port Nayeli,MO,01612-2654,+19303334176,8056381540,9133196737,34,14,644,2023-04-22 04:35:14,2023-04-22 04:35:14
654,1993-01-17,Female,258 Aleen Landing Suite 170,West Sigridhaven,WA,25937-7112,1-989-210-6398,2147076548,1054729160,64,84,654,2023-04-22 04:35:14,2023-04-22 04:35:14
664,2005-11-21,Female,772 Lowell Radial,Bergstromfort,RI,37535,+1-828-363-9564,2893586926,1982660556,54,94,664,2023-04-22 04:35:15,2023-04-22 04:35:15
674,1971-12-03,Male,70317 Ambrose Landing,South Noraside,AK,33952,+1-870-684-3710,3339476344,9604719953,4,54,674,2023-04-22 04:35:16,2023-04-22 04:35:16
684,1988-07-01,Male,51653 Kessler Crest,South Frederiquestad,NE,65035-4060,573-986-7622,5971837051,6423888531,54,84,684,2023-04-22 04:35:16,2023-04-22 04:35:16
694,2000-05-23,Male,51091 Hagenes Walks,East Haven,KS,69756,651.524.2587,1064342400,7544089555,4,104,694,2023-04-22 04:35:17,2023-04-22 04:35:17
704,1984-11-25,Male,597 Cruickshank Knoll,Greenfeldertown,KS,74901,+1-248-482-3971,6553143508,8896706834,14,44,704,2023-04-22 04:35:17,2023-04-22 04:35:17
714,1983-07-25,Female,87819 Lubowitz Mountains,North Maiafurt,OK,83575-2856,+1 (267) 820-3806,7187824641,8767660304,64,24,714,2023-04-22 04:35:18,2023-04-22 04:35:18
724,2004-07-24,Male,58985 Jadyn Mountains,Lefflermouth,IN,96065-8069,1-703-678-0289,1049988266,6526600889,34,24,724,2023-04-22 04:35:19,2023-04-22 04:35:19
734,1970-05-26,Male,5782 Klocko Drive,Haagchester,OK,90876-2081,+17709724271,8246558208,4447478485,44,104,734,2023-04-22 04:35:19,2023-04-22 04:35:19
744,2018-12-05,Female,694 Gage River,Hollyview,NY,57102,+1 (507) 690-1653,4658015580,8389006610,4,4,744,2023-04-22 04:35:20,2023-04-22 04:35:20
754,1984-06-25,Female,58046 Littel Fords,Kundeburgh,NC,55354-7135,1-804-712-5848,6070295448,7724722594,24,54,754,2023-04-22 04:35:21,2023-04-22 04:35:21
764,2010-11-10,Female,9023 Luettgen Rest Suite 817,Haagchester,NV,59825,+1-804-739-3748,7368508424,4980754550,4,94,764,2023-04-22 04:35:22,2023-04-22 04:35:22
774,1988-03-22,Female,5917 Helena Point,Janbury,IA,48221,610.592.9361,2218814838,4950157281,34,84,774,2023-04-22 04:35:22,2023-04-22 04:35:22
784,1988-08-23,Female,35565 Sylvia Ranch,New Jamesonbury,NC,15251-1993,360.468.9728,7219479435,4292988293,54,74,784,2023-04-22 04:35:23,2023-04-22 04:35:23
794,1987-07-24,Male,5995 Alec Road Suite 030,Enochchester,CT,72959,+1 (470) 278-0081,6209209430,2591077024,4,4,794,2023-04-22 04:35:24,2023-04-22 04:35:24
804,1971-10-01,Male,5289 Ankunding Underpass Apt. 720,Pourosstad,OH,93442,+12547354065,4423547450,4833826694,74,74,804,2023-04-22 04:35:24,2023-04-22 04:35:24
814,1996-08-22,Male,1714 Marks Knoll,Josuefort,ID,95852-1141,(360) 547-5263,8888572918,8023547236,4,4,814,2023-04-22 04:35:25,2023-04-22 04:35:25
824,2005-05-27,Male,77829 Melisa Union,Lake Amely,ND,89202-2268,+1-408-259-4113,6247185356,8888808073,4,4,824,2023-04-22 04:35:26,2023-04-22 04:35:26
834,1980-01-31,Male,2402 Chet Fords,Koelpinshire,RI,29588,(765) 299-1661,5336079229,9822615373,24,44,834,2023-04-22 04:35:26,2023-04-22 04:35:26
844,2005-11-06,Female,25503 Dianna Cove Apt. 711,Maymiefurt,MA,30095-6272,+1-765-433-2930,0457648236,1862263771,24,4,844,2023-04-22 04:35:27,2023-04-22 04:35:27
854,1997-01-19,Female,6077 Polly Cliffs Apt. 541,South Estrellaside,AL,37318-4438,+17205373990,9944880325,0426080419,44,84,854,2023-04-22 04:35:27,2023-04-22 04:35:27
864,1971-05-19,Male,5850 Fiona Passage,Jastside,ME,19774,1-479-227-9054,8318350622,3732828524,14,84,864,2023-04-22 04:35:28,2023-04-22 04:35:28
874,1975-10-05,Female,7741 Schumm Plains Suite 691,South Mafaldaburgh,LA,10692,+1-661-315-4432,1599149335,5116613885,34,84,874,2023-04-22 04:35:29,2023-04-22 04:35:29
884,1999-01-29,Male,2515 Skiles Cove,Port Alan,ID,95476-7702,+1.909.416.4747,0137505912,1059649630,64,54,884,2023-04-22 04:35:29,2023-04-22 04:35:29
894,1984-05-06,Male,9056 Kenyatta Mountain,West Caleighfort,TN,18864-7036,+1 (774) 783-2572,8953271033,4877860751,34,84,894,2023-04-22 04:35:31,2023-04-22 04:35:31
904,2004-07-03,Male,7714 Ratke Tunnel Apt. 482,Port Jazmyneport,MO,94213-5477,1-541-301-6684,1412596522,9555473431,14,94,904,2023-04-22 04:35:31,2023-04-22 04:35:31
914,1994-02-07,Female,853 Daniel Estates Apt. 361,Tristontown,ME,66083-8769,(341) 718-5527,5188984604,3207652680,64,74,914,2023-04-22 04:35:32,2023-04-22 04:35:32
924,2016-03-19,Male,99722 Feeney Mews,North Arttown,KS,15311-4270,551-758-5091,9827780339,1263413634,74,94,924,2023-04-22 04:35:32,2023-04-22 04:35:32
934,1987-06-30,Male,64180 Pierce Field,Gutkowskifurt,IN,83610-1890,1-317-621-1243,5492655610,1175691941,4,64,934,2023-04-22 04:35:33,2023-04-22 04:35:33
944,1991-05-25,Female,487 Katrina Vista,West Wilfredohaven,IL,31737,+1-860-231-8709,5584125229,1838347911,64,104,944,2023-04-22 04:35:34,2023-04-22 04:35:34
954,2002-06-25,Female,89547 Sipes Path,Leannemouth,MN,26305,321-603-3090,7344793733,6857684331,44,34,954,2023-04-22 04:35:34,2023-04-22 04:35:34
964,1984-01-02,Female,6219 Jewel Walk,Lake Carol,NV,65799-2290,+1-321-512-4634,4977617053,0547031511,44,94,964,2023-04-22 04:35:35,2023-04-22 04:35:35
974,2005-03-18,Male,4676 Isabelle Crescent Apt. 949,North Hilmafurt,MN,13227,954.243.2262,5304795852,0748277189,14,54,974,2023-04-22 04:35:36,2023-04-22 04:35:36
984,1979-07-02,Male,15710 Beer Skyway,Wilburnside,CA,50714,469.652.7907,3443374952,3644798432,4,64,984,2023-04-22 04:35:36,2023-04-22 04:35:36
994,1994-09-21,Female,61268 Schuster Forge,Kassulkefurt,VT,49966,(564) 670-8545,0712669905,1830014954,34,104,994,2023-04-22 04:35:37,2023-04-22 04:35:37
1004,2023-04-27,Male,USC,Los Angeles,,90027,,,,4,4,1014,2023-04-24 16:48:17,2023-04-24 16:48:17
1014,2023-04-13,Female,usc,los angeles,,90027,,,,44,44,1024,2023-04-26 00:23:09,2023-04-26 00:23:09
1024,2023-04-13,Male,402 California Street,Arcadia,,91006,,,,34,34,1044,2023-04-26 00:52:39,2023-04-26 00:52:39
1034,2023-04-28,Male,USC,Los Angeles,,90089,,,,64,84,1064,2023-04-27 16:59:51,2023-04-27 16:59:51