id,user_id,license_id,file_id,expiration_date,created_at,updated_at
4,874,14,74,1993-04-12,2023-04-22 15:30:04,2023-04-22 15:30:04
14,414,54,2194,2007-05-31,2023-04-22 15:30:05,2023-04-22 15:30:05
24,794,4,124,2017-10-30,2023-04-22 15:30:05,2023-04-22 15:30:05
34,844,44,354,1988-04-11,2023-04-22 15:30:05,2023-04-22 15:30:05
44,404,34,2074,1979-01-13,2023-04-22 15:30:05,2023-04-22 15:30:05
54,154,54,854,2004-07-05,2023-04-22 15:30:05,2023-04-22 15:30:05
64,244,4,1554,1979-08-04,2023-04-22 15:30:06,2023-04-22 15:30:06
74,894,14,2054,1970-07-09,2023-04-22 15:30:06,2023-04-22 15:30:06
84,984,54,2154,1974-02-12,2023-04-22 15:30:06,2023-04-22 15:30:06
94,54,34,2584,2019-08-19,2023-04-22 15:30:06,2023-04-22 15:30:06
104,364,54,624,1971-10-18,2023-04-22 15:30:06,2023-04-22 15:30:06
114,204,4,424,1986-04-20,2023-04-22 15:30:06,2023-04-22 15:30:06
124,624,44,1304,1990-02-27,2023-04-22 15:30:07,2023-04-22 15:30:07
134,774,24,2934,1987-09-19,2023-04-22 15:30:07,2023-04-22 15:30:07
144,884,44,1084,2000-04-16,2023-04-22 15:30:07,2023-04-22 15:30:07
154,84,34,1484,2013-07-26,2023-04-22 15:30:07,2023-04-22 15:30:07
164,714,24,2924,2022-03-24,2023-04-22 15:30:07,2023-04-22 15:30:07
174,694,24,1354,2017-08-22,2023-04-22 15:30:08,2023-04-22 15:30:08
184,24,54,1624,2002-08-24,2023-04-22 15:30:08,2023-04-22 15:30:08
194,514,44,1354,1984-06-14,2023-04-22 15:30:08,2023-04-22 15:30:08
204,244,24,2484,2014-08-17,2023-04-22 15:30:08,2023-04-22 15:30:08
214,964,34,734,1995-07-24,2023-04-22 15:30:08,2023-04-22 15:30:08
224,614,14,2454,1991-08-11,2023-04-22 15:30:09,2023-04-22 15:30:09
234,164,34,1184,1974-08-07,2023-04-22 15:30:09,2023-04-22 15:30:09
244,134,14,1284,1971-02-21,2023-04-22 15:30:09,2023-04-22 15:30:09
254,64,54,2634,1988-03-13,2023-04-22 15:30:09,2023-04-22 15:30:09
264,324,14,244,1998-03-06,2023-04-22 15:30:09,2023-04-22 15:30:09
274,124,34,2264,1993-04-14,2023-04-22 15:30:09,2023-04-22 15:30:09
284,724,34,1724,1971-03-09,2023-04-22 15:30:10,2023-04-22 15:30:10
294,774,44,2894,2006-08-31,2023-04-22 15:30:10,2023-04-22 15:30:10
304,434,4,1564,2008-09-17,2023-04-22 15:30:10,2023-04-22 15:30:10
314,164,24,34,1970-03-06,2023-04-22 15:30:10,2023-04-22 15:30:10
324,204,14,2024,1983-02-14,2023-04-22 15:30:10,2023-04-22 15:30:10
334,794,54,924,2000-04-26,2023-04-22 15:30:10,2023-04-22 15:30:10
344,814,34,554,1978-05-30,2023-04-22 15:30:11,2023-04-22 15:30:11
354,514,14,2464,1996-04-14,2023-04-22 15:30:11,2023-04-22 15:30:11
364,914,54,1374,1997-09-10,2023-04-22 15:30:11,2023-04-22 15:30:11
374,754,44,2464,1998-03-20,2023-04-22 15:30:11,2023-04-22 15:30:11
384,54,4,1344,1986-12-10,2023-04-22 15:30:11,2023-04-22 15:30:11
394,244,54,1334,2010-07-30,2023-04-22 15:30:12,2023-04-22 15:30:12
404,774,14,2364,1980-09-25,2023-04-22 15:30:12,2023-04-22 15:30:12
414,174,54,1964,2009-11-01,2023-04-22 15:30:12,2023-04-22 15:30:12
424,774,4,1474,2015-02-20,2023-04-22 15:30:12,2023-04-22 15:30:12
434,164,44,2304,2007-03-12,2023-04-22 15:30:12,2023-04-22 15:30:12
444,574,44,4,1986-06-08,2023-04-22 15:30:12,2023-04-22 15:30:12
454,904,54,984,2016-09-25,2023-04-22 15:30:13,2023-04-22 15:30:13
464,44,34,764,2020-01-31,2023-04-22 15:30:13,2023-04-22 15:30:13
474,554,14,2464,1996-02-05,2023-04-22 15:30:13,2023-04-22 15:30:13
484,354,44,1474,2010-07-31,2023-04-22 15:30:13,2023-04-22 15:30:13
494,704,14,1034,1974-11-21,2023-04-22 15:30:13,2023-04-22 15:30:13
504,214,4,2314,1998-09-05,2023-04-22 15:30:13,2023-04-22 15:30:13
514,864,24,1984,1976-10-10,2023-04-22 15:30:14,2023-04-22 15:30:14
524,534,34,2564,2015-11-12,2023-04-22 15:30:14,2023-04-22 15:30:14
534,924,44,2144,1972-01-27,2023-04-22 15:30:14,2023-04-22 15:30:14
544,544,34,2754,1975-11-28,2023-04-22 15:30:14,2023-04-22 15:30:14
554,4,54,2974,2008-10-24,2023-04-22 15:30:14,2023-04-22 15:30:14
564,24,4,84,1986-11-18,2023-04-22 15:30:14,2023-04-22 15:30:14
574,354,4,2614,1980-06-26,2023-04-22 15:30:15,2023-04-22 15:30:15
584,924,34,894,2018-08-21,2023-04-22 15:30:15,2023-04-22 15:30:15
594,644,4,684,1980-01-13,2023-04-22 15:30:15,2023-04-22 15:30:15
604,34,44,744,1978-04-01,2023-04-22 15:30:15,2023-04-22 15:30:15
614,904,54,1424,2021-03-30,2023-04-22 15:30:15,2023-04-22 15:30:15
624,364,24,784,1989-10-06,2023-04-22 15:30:15,2023-04-22 15:30:15
634,364,14,904,1984-07-05,2023-04-22 15:30:16,2023-04-22 15:30:16
644,384,44,1944,1978-05-24,2023-04-22 15:30:16,2023-04-22 15:30:16
654,934,4,2154,1979-02-28,2023-04-22 15:30:16,2023-04-22 15:30:16
664,64,14,1304,2014-06-28,2023-04-22 15:30:16,2023-04-22 15:30:16
674,364,14,2274,2002-12-04,2023-04-22 15:30:16,2023-04-22 15:30:16
684,914,34,184,2010-09-05,2023-04-22 15:30:16,2023-04-22 15:30:16
694,74,14,1144,2005-09-04,2023-04-22 15:30:17,2023-04-22 15:30:17
704,834,14,1194,1976-06-29,2023-04-22 15:30:17,2023-04-22 15:30:17
714,104,24,1244,1993-01-15,2023-04-22 15:30:17,2023-04-22 15:30:17
724,64,54,2094,2022-10-19,2023-04-22 15:30:17,2023-04-22 15:30:17
734,704,24,474,1991-01-30,2023-04-22 15:30:17,2023-04-22 15:30:17
744,934,34,2364,1984-11-28,2023-04-22 15:30:17,2023-04-22 15:30:17
754,204,4,254,2004-06-15,2023-04-22 15:30:18,2023-04-22 15:30:18
764,424,34,1744,1993-01-30,2023-04-22 15:30:18,2023-04-22 15:30:18
774,284,34,454,1976-09-03,2023-04-22 15:30:18,2023-04-22 15:30:18
784,824,4,2584,1985-09-24,2023-04-22 15:30:18,2023-04-22 15:30:18
794,764,44,2054,2003-08-10,2023-04-22 15:30:18,2023-04-22 15:30:18
804,304,34,2684,1986-07-02,2023-04-22 15:30:18,2023-04-22 15:30:18
814,514,34,2044,2009-05-09,2023-04-22 15:30:19,2023-04-22 15:30:19
824,254,34,2184,2007-09-09,2023-04-22 15:30:19,2023-04-22 15:30:19
834,224,24,1334,1998-09-08,2023-04-22 15:30:19,2023-04-22 15:30:19
844,954,44,2624,1995-05-10,2023-04-22 15:30:19,2023-04-22 15:30:19
854,904,4,1984,1970-11-26,2023-04-22 15:30:19,2023-04-22 15:30:19
864,964,14,524,1993-11-25,2023-04-22 15:30:19,2023-04-22 15:30:19
874,664,34,1524,1975-05-11,2023-04-22 15:30:20,2023-04-22 15:30:20
884,704,54,544,1983-06-13,2023-04-22 15:30:20,2023-04-22 15:30:20
894,114,44,1804,2007-03-09,2023-04-22 15:30:20,2023-04-22 15:30:20
904,754,24,1484,1989-07-04,2023-04-22 15:30:20,2023-04-22 15:30:20
914,494,44,84,2021-11-02,2023-04-22 15:30:20,2023-04-22 15:30:20
924,594,14,2814,2008-02-08,2023-04-22 15:30:21,2023-04-22 15:30:21
934,374,24,2934,1985-07-09,2023-04-22 15:30:21,2023-04-22 15:30:21
944,324,14,2754,2012-12-23,2023-04-22 15:30:21,2023-04-22 15:30:21
954,934,34,544,1991-01-31,2023-04-22 15:30:21,2023-04-22 15:30:21
964,504,54,844,2017-02-13,2023-04-22 15:30:21,2023-04-22 15:30:21
974,464,54,834,1986-04-05,2023-04-22 15:30:21,2023-04-22 15:30:21
984,584,44,784,1991-12-11,2023-04-22 15:30:22,2023-04-22 15:30:22
994,824,44,594,2003-02-15,2023-04-22 15:30:22,2023-04-22 15:30:22
1004,64,34,2934,2006-08-19,2023-04-22 15:30:22,2023-04-22 15:30:22
1014,554,24,1134,1976-07-09,2023-04-22 15:30:22,2023-04-22 15:30:22
1024,814,24,1084,1995-03-18,2023-04-22 15:30:22,2023-04-22 15:30:22
1034,264,34,1094,2019-04-26,2023-04-22 15:30:22,2023-04-22 15:30:22
1044,524,44,1294,1989-03-12,2023-04-22 15:30:23,2023-04-22 15:30:23
1054,464,34,1714,1980-03-28,2023-04-22 15:30:23,2023-04-22 15:30:23
1064,914,54,224,1997-11-21,2023-04-22 15:30:23,2023-04-22 15:30:23
1074,194,34,2774,1974-03-02,2023-04-22 15:30:23,2023-04-22 15:30:23
1084,54,44,844,2005-11-04,2023-04-22 15:30:23,2023-04-22 15:30:23
1094,904,44,1024,2003-09-23,2023-04-22 15:30:23,2023-04-22 15:30:23
1104,574,4,194,2003-11-12,2023-04-22 15:30:24,2023-04-22 15:30:24
1114,894,44,2914,1985-04-08,2023-04-22 15:30:24,2023-04-22 15:30:24
1124,564,4,1204,1999-12-20,2023-04-22 15:30:24,2023-04-22 15:30:24
1134,164,54,64,2018-04-15,2023-04-22 15:30:24,2023-04-22 15:30:24
1144,214,4,314,2008-10-16,2023-04-22 15:30:24,2023-04-22 15:30:24
1154,604,54,1754,2013-11-15,2023-04-22 15:30:24,2023-04-22 15:30:24
1164,384,14,184,1995-06-08,2023-04-22 15:30:25,2023-04-22 15:30:25
1174,454,14,484,1974-03-11,2023-04-22 15:30:25,2023-04-22 15:30:25
1184,424,24,284,1991-11-17,2023-04-22 15:30:25,2023-04-22 15:30:25
1194,884,24,1304,2008-05-26,2023-04-22 15:30:25,2023-04-22 15:30:25
1204,494,4,644,2007-11-20,2023-04-22 15:30:25,2023-04-22 15:30:25
1214,794,34,704,1994-10-02,2023-04-22 15:30:25,2023-04-22 15:30:25
1224,784,4,2114,2014-12-07,2023-04-22 15:30:26,2023-04-22 15:30:26
1234,484,54,1504,1977-08-07,2023-04-22 15:30:26,2023-04-22 15:30:26
1244,994,34,2554,2020-06-29,2023-04-22 15:30:26,2023-04-22 15:30:26
1254,634,4,2234,1984-11-09,2023-04-22 15:30:26,2023-04-22 15:30:26
1264,194,24,2954,2015-05-09,2023-04-22 15:30:26,2023-04-22 15:30:26
1274,854,4,2894,1984-08-02,2023-04-22 15:30:26,2023-04-22 15:30:26
1284,854,4,1804,1996-05-09,2023-04-22 15:30:27,2023-04-22 15:30:27
1294,314,54,2244,2020-05-11,2023-04-22 15:30:27,2023-04-22 15:30:27
1304,794,14,1294,1992-06-13,2023-04-22 15:30:27,2023-04-22 15:30:27
1314,164,14,1464,1990-06-30,2023-04-22 15:30:27,2023-04-22 15:30:27
1324,914,14,304,2018-10-16,2023-04-22 15:30:27,2023-04-22 15:30:27
1334,24,14,2644,2023-02-17,2023-04-22 15:30:27,2023-04-22 15:30:27
1344,214,4,2554,1994-01-22,2023-04-22 15:30:28,2023-04-22 15:30:28
1354,584,24,2254,2021-10-04,2023-04-22 15:30:28,2023-04-22 15:30:28
1364,404,14,654,2013-05-04,2023-04-22 15:30:28,2023-04-22 15:30:28
1374,984,24,2364,2009-05-14,2023-04-22 15:30:28,2023-04-22 15:30:28
1384,494,24,334,2021-03-08,2023-04-22 15:30:28,2023-04-22 15:30:28
1394,614,54,454,1981-10-07,2023-04-22 15:30:28,2023-04-22 15:30:28
1404,824,4,2614,2008-11-10,2023-04-22 15:30:29,2023-04-22 15:30:29
1414,444,54,604,1976-11-15,2023-04-22 15:30:29,2023-04-22 15:30:29
1424,54,14,784,2016-03-30,2023-04-22 15:30:29,2023-04-22 15:30:29
1434,884,4,154,1974-01-11,2023-04-22 15:30:29,2023-04-22 15:30:29
1444,974,24,1814,1978-07-05,2023-04-22 15:30:29,2023-04-22 15:30:29
1454,204,34,2624,2008-10-06,2023-04-22 15:30:30,2023-04-22 15:30:30
1464,514,4,2364,1994-01-01,2023-04-22 15:30:30,2023-04-22 15:30:30
1474,304,54,1844,1984-07-15,2023-04-22 15:30:30,2023-04-22 15:30:30
1484,474,34,4,1976-10-10,2023-04-22 15:30:30,2023-04-22 15:30:30
1494,34,54,2044,1992-06-26,2023-04-22 15:30:30,2023-04-22 15:30:30
1504,514,4,44,2002-02-08,2023-04-22 15:30:30,2023-04-22 15:30:30
1514,494,54,724,2023-04-18,2023-04-22 15:30:31,2023-04-22 15:30:31
1524,744,24,904,1973-11-02,2023-04-22 15:30:31,2023-04-22 15:30:31
1534,234,44,614,1992-02-29,2023-04-22 15:30:31,2023-04-22 15:30:31
1544,744,44,64,2003-08-16,2023-04-22 15:30:31,2023-04-22 15:30:31
1554,734,54,2334,1996-06-18,2023-04-22 15:30:31,2023-04-22 15:30:31
1564,334,14,2154,1994-05-07,2023-04-22 15:30:31,2023-04-22 15:30:31
1574,754,44,704,1982-10-30,2023-04-22 15:30:32,2023-04-22 15:30:32
1584,894,54,664,2003-02-01,2023-04-22 15:30:32,2023-04-22 15:30:32
1594,274,24,894,1989-07-14,2023-04-22 15:30:32,2023-04-22 15:30:32
1604,674,14,2374,1999-12-13,2023-04-22 15:30:32,2023-04-22 15:30:32
1614,964,24,1634,2003-09-11,2023-04-22 15:30:32,2023-04-22 15:30:32
1624,614,34,2554,2009-08-24,2023-04-22 15:30:32,2023-04-22 15:30:32
1634,464,14,2984,1997-09-23,2023-04-22 15:30:33,2023-04-22 15:30:33
1644,204,4,1444,1977-04-01,2023-04-22 15:30:33,2023-04-22 15:30:33
1654,154,44,44,1987-07-27,2023-04-22 15:30:33,2023-04-22 15:30:33
1664,344,14,764,1979-03-07,2023-04-22 15:30:33,2023-04-22 15:30:33
1674,284,4,1974,1997-08-31,2023-04-22 15:30:33,2023-04-22 15:30:33
1684,484,4,1054,2000-03-20,2023-04-22 15:30:33,2023-04-22 15:30:33
1694,644,4,594,1984-11-18,2023-04-22 15:30:34,2023-04-22 15:30:34
1704,654,24,2824,2022-04-04,2023-04-22 15:30:34,2023-04-22 15:30:34
1714,734,54,624,2019-09-25,2023-04-22 15:30:34,2023-04-22 15:30:34
1724,144,44,1754,1974-08-07,2023-04-22 15:30:34,2023-04-22 15:30:34
1734,964,44,1904,1975-06-04,2023-04-22 15:30:34,2023-04-22 15:30:34
1744,984,44,534,1980-07-23,2023-04-22 15:30:35,2023-04-22 15:30:35
1754,614,34,214,1988-04-28,2023-04-22 15:30:35,2023-04-22 15:30:35
1764,274,14,1214,1981-06-07,2023-04-22 15:30:35,2023-04-22 15:30:35
1774,754,4,2474,1992-10-31,2023-04-22 15:30:35,2023-04-22 15:30:35
1784,534,4,2874,2005-01-17,2023-04-22 15:30:35,2023-04-22 15:30:35
1794,964,4,534,1970-04-14,2023-04-22 15:30:35,2023-04-22 15:30:35
1804,194,4,134,1985-09-01,2023-04-22 15:30:36,2023-04-22 15:30:36
1814,144,44,1104,1992-06-21,2023-04-22 15:30:36,2023-04-22 15:30:36
1824,254,34,1804,2015-09-17,2023-04-22 15:30:36,2023-04-22 15:30:36
1834,914,4,2044,1990-01-22,2023-04-22 15:30:36,2023-04-22 15:30:36
1844,724,44,1194,1991-12-06,2023-04-22 15:30:36,2023-04-22 15:30:36
1854,654,44,1494,2009-09-22,2023-04-22 15:30:36,2023-04-22 15:30:36
1864,184,34,1194,2014-10-22,2023-04-22 15:30:37,2023-04-22 15:30:37
1874,854,4,1634,1994-06-16,2023-04-22 15:30:37,2023-04-22 15:30:37
1884,584,14,4,1982-08-06,2023-04-22 15:30:37,2023-04-22 15:30:37
1894,4,44,1184,1984-07-22,2023-04-22 15:30:37,2023-04-22 15:30:37
1904,914,44,2974,1995-03-24,2023-04-22 15:30:37,2023-04-22 15:30:37
1914,184,44,1084,2016-04-10,2023-04-22 15:30:37,2023-04-22 15:30:37
1924,894,54,1214,1980-12-16,2023-04-22 15:30:38,2023-04-22 15:30:38
1934,914,34,234,1987-08-20,2023-04-22 15:30:38,2023-04-22 15:30:38
1944,394,34,1864,2021-06-13,2023-04-22 15:30:38,2023-04-22 15:30:38
1954,364,54,744,2016-03-25,2023-04-22 15:30:38,2023-04-22 15:30:38
1964,264,34,2034,1987-01-05,2023-04-22 15:30:38,2023-04-22 15:30:38
1974,974,44,144,1983-07-04,2023-04-22 15:30:38,2023-04-22 15:30:38
1984,604,54,664,2016-03-23,2023-04-22 15:30:39,2023-04-22 15:30:39
1994,884,4,284,2021-07-30,2023-04-22 15:30:39,2023-04-22 15:30:39
2004,84,4,394,1997-02-16,2023-04-22 15:30:39,2023-04-22 15:30:39
2014,604,24,1324,1992-06-30,2023-04-22 15:30:39,2023-04-22 15:30:39
2024,174,24,2094,1990-08-28,2023-04-22 15:30:39,2023-04-22 15:30:39
2034,294,44,2074,1993-02-23,2023-04-22 15:30:39,2023-04-22 15:30:39
2044,474,54,1764,2018-04-25,2023-04-22 15:30:40,2023-04-22 15:30:40
2054,44,24,1834,1996-08-23,2023-04-22 15:30:40,2023-04-22 15:30:40
2064,324,14,2684,2001-06-03,2023-04-22 15:30:40,2023-04-22 15:30:40
2074,324,44,1554,1974-07-01,2023-04-22 15:30:40,2023-04-22 15:30:40
2084,804,24,764,2008-11-24,2023-04-22 15:30:40,2023-04-22 15:30:40
2094,614,44,1714,1996-12-14,2023-04-22 15:30:40,2023-04-22 15:30:40
2104,594,14,1114,2008-08-01,2023-04-22 15:30:41,2023-04-22 15:30:41
2114,774,54,1004,2008-03-27,2023-04-22 15:30:41,2023-04-22 15:30:41
2124,334,54,984,1992-02-29,2023-04-22 15:30:41,2023-04-22 15:30:41
2134,164,4,2014,2016-02-12,2023-04-22 15:30:41,2023-04-22 15:30:41
2144,884,54,624,1996-03-17,2023-04-22 15:30:41,2023-04-22 15:30:41
2154,724,44,264,1975-01-28,2023-04-22 15:30:42,2023-04-22 15:30:42
2164,144,34,2594,1984-01-20,2023-04-22 15:30:42,2023-04-22 15:30:42
2174,784,54,1084,2013-10-13,2023-04-22 15:30:42,2023-04-22 15:30:42
2184,914,34,2504,1994-01-02,2023-04-22 15:30:42,2023-04-22 15:30:42
2194,984,44,2364,1988-09-07,2023-04-22 15:30:42,2023-04-22 15:30:42
2204,214,24,1124,2008-12-11,2023-04-22 15:30:42,2023-04-22 15:30:42
2214,304,14,2574,1976-03-19,2023-04-22 15:30:43,2023-04-22 15:30:43
2224,524,54,1484,2011-02-04,2023-04-22 15:30:43,2023-04-22 15:30:43
2234,364,44,1594,2017-06-19,2023-04-22 15:30:43,2023-04-22 15:30:43
2244,664,54,1064,1990-08-11,2023-04-22 15:30:43,2023-04-22 15:30:43
2254,244,24,2864,1996-06-06,2023-04-22 15:30:43,2023-04-22 15:30:43
2264,844,44,2434,1982-03-26,2023-04-22 15:30:43,2023-04-22 15:30:43
2274,974,4,34,1983-10-02,2023-04-22 15:30:44,2023-04-22 15:30:44
2284,304,44,144,2004-11-25,2023-04-22 15:30:44,2023-04-22 15:30:44
2294,994,14,1684,2007-05-05,2023-04-22 15:30:44,2023-04-22 15:30:44
2304,154,4,1334,2014-01-31,2023-04-22 15:30:44,2023-04-22 15:30:44
2314,984,44,2784,1996-06-15,2023-04-22 15:30:44,2023-04-22 15:30:44
2324,74,14,2654,1989-03-30,2023-04-22 15:30:44,2023-04-22 15:30:44
2334,74,54,714,2008-08-05,2023-04-22 15:30:45,2023-04-22 15:30:45
2344,364,54,714,1989-06-22,2023-04-22 15:30:45,2023-04-22 15:30:45
2354,84,44,1974,1975-09-03,2023-04-22 15:30:45,2023-04-22 15:30:45
2364,174,34,2994,1994-11-11,2023-04-22 15:30:45,2023-04-22 15:30:45
2374,804,14,1254,1982-02-13,2023-04-22 15:30:45,2023-04-22 15:30:45
2384,374,14,2594,2008-11-08,2023-04-22 15:30:45,2023-04-22 15:30:45
2394,464,24,2154,2000-03-14,2023-04-22 15:30:46,2023-04-22 15:30:46
2404,594,14,634,2004-09-14,2023-04-22 15:30:46,2023-04-22 15:30:46
2414,934,54,764,1987-08-10,2023-04-22 15:30:46,2023-04-22 15:30:46
2424,154,34,64,1982-10-01,2023-04-22 15:30:46,2023-04-22 15:30:46
2434,164,4,184,2005-03-13,2023-04-22 15:30:46,2023-04-22 15:30:46
2444,524,4,2614,2015-02-01,2023-04-22 15:30:46,2023-04-22 15:30:46
2454,794,44,774,1983-04-15,2023-04-22 15:30:47,2023-04-22 15:30:47
2464,674,4,2324,1976-08-03,2023-04-22 15:30:47,2023-04-22 15:30:47
2474,464,14,1164,2018-03-25,2023-04-22 15:30:47,2023-04-22 15:30:47
2484,574,14,824,1976-12-17,2023-04-22 15:30:47,2023-04-22 15:30:47
2494,4,34,1604,1973-01-24,2023-04-22 15:30:47,2023-04-22 15:30:47
2504,864,14,2904,2014-07-01,2023-04-22 15:30:47,2023-04-22 15:30:47
2514,174,14,1154,2016-10-04,2023-04-22 15:30:48,2023-04-22 15:30:48
2524,84,54,2104,2001-05-08,2023-04-22 15:30:48,2023-04-22 15:30:48
2534,334,54,914,1995-10-28,2023-04-22 15:30:48,2023-04-22 15:30:48
2544,184,14,164,1979-11-09,2023-04-22 15:30:48,2023-04-22 15:30:48
2554,294,24,1674,1993-04-22,2023-04-22 15:30:48,2023-04-22 15:30:48
2564,854,44,2354,2015-03-27,2023-04-22 15:30:49,2023-04-22 15:30:49
2574,744,14,1564,2020-06-29,2023-04-22 15:30:49,2023-04-22 15:30:49
2584,514,44,714,1980-04-14,2023-04-22 15:30:49,2023-04-22 15:30:49
2594,324,14,2034,1983-08-26,2023-04-22 15:30:49,2023-04-22 15:30:49
2604,824,14,604,2003-05-19,2023-04-22 15:30:49,2023-04-22 15:30:49
2614,44,54,304,2018-08-27,2023-04-22 15:30:49,2023-04-22 15:30:49
2624,24,54,2594,2005-11-13,2023-04-22 15:30:50,2023-04-22 15:30:50
2634,74,34,1374,2001-03-29,2023-04-22 15:30:50,2023-04-22 15:30:50
2644,934,54,2454,2004-05-27,2023-04-22 15:30:50,2023-04-22 15:30:50
2654,974,34,2504,2018-11-18,2023-04-22 15:30:50,2023-04-22 15:30:50
2664,834,24,744,2003-06-17,2023-04-22 15:30:50,2023-04-22 15:30:50
2674,984,54,2284,2015-12-17,2023-04-22 15:30:50,2023-04-22 15:30:50
2684,174,4,1944,2012-06-12,2023-04-22 15:30:51,2023-04-22 15:30:51
2694,974,14,424,1994-09-29,2023-04-22 15:30:51,2023-04-22 15:30:51
2704,334,14,484,1981-09-07,2023-04-22 15:30:51,2023-04-22 15:30:51
2714,124,4,204,1979-05-31,2023-04-22 15:30:51,2023-04-22 15:30:51
2724,324,24,214,2007-09-27,2023-04-22 15:30:51,2023-04-22 15:30:51
2734,214,14,44,2008-04-21,2023-04-22 15:30:51,2023-04-22 15:30:51
2744,574,44,2374,1999-03-27,2023-04-22 15:30:52,2023-04-22 15:30:52
2754,954,14,2734,2016-12-14,2023-04-22 15:30:52,2023-04-22 15:30:52
2764,44,14,314,2008-10-25,2023-04-22 15:30:52,2023-04-22 15:30:52
2774,414,44,574,1987-11-22,2023-04-22 15:30:52,2023-04-22 15:30:52
2784,564,24,2344,1987-04-06,2023-04-22 15:30:52,2023-04-22 15:30:52
2794,424,24,1134,1984-02-05,2023-04-22 15:30:52,2023-04-22 15:30:52
2804,674,54,2564,2008-07-18,2023-04-22 15:30:53,2023-04-22 15:30:53
2814,94,14,1044,2007-06-14,2023-04-22 15:30:53,2023-04-22 15:30:53
2824,144,24,1204,1976-12-06,2023-04-22 15:30:53,2023-04-22 15:30:53
2834,324,44,304,1976-03-02,2023-04-22 15:30:53,2023-04-22 15:30:53
2844,554,24,474,1998-10-17,2023-04-22 15:30:53,2023-04-22 15:30:53
2854,864,14,774,1979-07-16,2023-04-22 15:30:53,2023-04-22 15:30:53
2864,284,44,2604,2010-11-12,2023-04-22 15:30:54,2023-04-22 15:30:54
2874,174,24,174,2017-04-23,2023-04-22 15:30:54,2023-04-22 15:30:54
2884,514,4,214,1978-10-05,2023-04-22 15:30:54,2023-04-22 15:30:54
2894,844,34,2154,1988-09-09,2023-04-22 15:30:54,2023-04-22 15:30:54
2904,554,24,2414,1987-08-05,2023-04-22 15:30:54,2023-04-22 15:30:54
2914,244,54,1844,1984-02-03,2023-04-22 15:30:54,2023-04-22 15:30:54
2924,224,14,1464,2019-06-18,2023-04-22 15:30:55,2023-04-22 15:30:55
2934,954,44,2334,1981-03-13,2023-04-22 15:30:55,2023-04-22 15:30:55
2944,704,4,774,1988-03-02,2023-04-22 15:30:55,2023-04-22 15:30:55
2954,884,44,154,1973-04-24,2023-04-22 15:30:55,2023-04-22 15:30:55
2964,394,14,1714,2011-11-21,2023-04-22 15:30:55,2023-04-22 15:30:55
2974,694,54,1414,1972-11-02,2023-04-22 15:30:55,2023-04-22 15:30:55
2984,554,54,2914,2002-11-10,2023-04-22 15:30:56,2023-04-22 15:30:56
2994,424,34,2524,1973-03-10,2023-04-22 15:30:56,2023-04-22 15:30:56
3004,514,34,1654,2004-10-04,2023-04-22 15:30:56,2023-04-22 15:30:56
3014,614,34,514,2016-07-19,2023-04-22 15:30:56,2023-04-22 15:30:56
3024,924,54,274,2011-02-28,2023-04-22 15:30:56,2023-04-22 15:30:56
3034,154,44,2814,1982-09-18,2023-04-22 15:30:56,2023-04-22 15:30:56
3044,454,54,2584,1982-12-29,2023-04-22 15:30:57,2023-04-22 15:30:57
3054,334,34,2204,2016-09-17,2023-04-22 15:30:57,2023-04-22 15:30:57
3064,514,34,294,2001-05-20,2023-04-22 15:30:57,2023-04-22 15:30:57
3074,34,34,2594,2015-07-23,2023-04-22 15:30:57,2023-04-22 15:30:57
3084,984,44,514,1992-09-23,2023-04-22 15:30:57,2023-04-22 15:30:57
3094,214,44,174,1982-02-05,2023-04-22 15:30:57,2023-04-22 15:30:57
3104,534,34,824,1988-11-05,2023-04-22 15:30:58,2023-04-22 15:30:58
3114,954,24,1674,1975-07-16,2023-04-22 15:30:58,2023-04-22 15:30:58
3124,494,34,84,1975-12-04,2023-04-22 15:30:58,2023-04-22 15:30:58
3134,204,24,2954,1986-06-08,2023-04-22 15:30:58,2023-04-22 15:30:58
3144,524,34,2994,2009-04-09,2023-04-22 15:30:58,2023-04-22 15:30:58
3154,834,44,1104,1995-07-21,2023-04-22 15:30:58,2023-04-22 15:30:58
3164,94,34,2624,1972-04-08,2023-04-22 15:30:59,2023-04-22 15:30:59
3174,434,14,224,2001-05-27,2023-04-22 15:30:59,2023-04-22 15:30:59
3184,44,54,1854,1979-02-06,2023-04-22 15:30:59,2023-04-22 15:30:59
3194,684,54,394,2008-02-24,2023-04-22 15:30:59,2023-04-22 15:30:59
3204,194,4,1784,1982-04-03,2023-04-22 15:30:59,2023-04-22 15:30:59
3214,774,54,344,1982-04-01,2023-04-22 15:30:59,2023-04-22 15:30:59
3224,754,24,944,2004-03-25,2023-04-22 15:31:00,2023-04-22 15:31:00
3234,734,14,1574,1980-08-18,2023-04-22 15:31:00,2023-04-22 15:31:00
3244,24,14,624,1997-08-17,2023-04-22 15:31:00,2023-04-22 15:31:00
3254,174,34,2954,2011-06-08,2023-04-22 15:31:00,2023-04-22 15:31:00
3264,684,14,2524,1985-02-06,2023-04-22 15:31:00,2023-04-22 15:31:00
3274,284,54,1594,2003-05-07,2023-04-22 15:31:01,2023-04-22 15:31:01
3284,64,24,1554,2005-02-02,2023-04-22 15:31:01,2023-04-22 15:31:01
3294,154,24,2554,1973-08-04,2023-04-22 15:31:01,2023-04-22 15:31:01
3304,834,44,2714,1977-11-21,2023-04-22 15:31:01,2023-04-22 15:31:01
3314,794,54,744,1992-02-03,2023-04-22 15:31:01,2023-04-22 15:31:01
3324,634,4,214,1992-10-21,2023-04-22 15:31:01,2023-04-22 15:31:01
3334,314,54,1294,1979-09-11,2023-04-22 15:31:02,2023-04-22 15:31:02
3344,724,4,2844,1990-04-19,2023-04-22 15:31:02,2023-04-22 15:31:02
3354,724,54,1854,1999-02-14,2023-04-22 15:31:02,2023-04-22 15:31:02
3364,224,54,774,2015-03-24,2023-04-22 15:31:02,2023-04-22 15:31:02
3374,914,14,1854,2005-02-06,2023-04-22 15:31:02,2023-04-22 15:31:02
3384,794,24,394,1971-12-18,2023-04-22 15:31:02,2023-04-22 15:31:02
3394,864,24,1484,1970-03-06,2023-04-22 15:31:03,2023-04-22 15:31:03
3404,914,14,1804,2018-04-13,2023-04-22 15:31:03,2023-04-22 15:31:03
3414,274,34,1044,1984-03-08,2023-04-22 15:31:03,2023-04-22 15:31:03
3424,194,4,1924,1972-12-25,2023-04-22 15:31:03,2023-04-22 15:31:03
3434,704,14,2024,2020-08-17,2023-04-22 15:31:03,2023-04-22 15:31:03
3444,614,44,884,1970-02-06,2023-04-22 15:31:03,2023-04-22 15:31:03
3454,224,34,324,2012-12-25,2023-04-22 15:31:04,2023-04-22 15:31:04
3464,304,34,554,1978-10-21,2023-04-22 15:31:04,2023-04-22 15:31:04
3474,4,44,2054,1996-05-20,2023-04-22 15:31:04,2023-04-22 15:31:04
3484,324,24,24,1974-07-10,2023-04-22 15:31:04,2023-04-22 15:31:04
3494,244,14,2374,2009-03-13,2023-04-22 15:31:04,2023-04-22 15:31:04
3504,124,54,724,2009-04-01,2023-04-22 15:31:04,2023-04-22 15:31:04
3514,4,14,204,2012-03-08,2023-04-22 15:31:05,2023-04-22 15:31:05
3524,354,44,224,2020-04-01,2023-04-22 15:31:05,2023-04-22 15:31:05
3534,594,34,2454,1985-04-19,2023-04-22 15:31:05,2023-04-22 15:31:05
3544,934,34,2554,2007-04-28,2023-04-22 15:31:05,2023-04-22 15:31:05
3554,744,54,2324,1988-03-13,2023-04-22 15:31:05,2023-04-22 15:31:05
3564,944,44,2704,1970-10-09,2023-04-22 15:31:05,2023-04-22 15:31:05
3574,324,24,1094,1971-09-26,2023-04-22 15:31:06,2023-04-22 15:31:06
3584,414,54,224,2002-02-05,2023-04-22 15:31:06,2023-04-22 15:31:06
3594,864,14,74,1990-07-06,2023-04-22 15:31:06,2023-04-22 15:31:06
3604,444,4,504,1977-05-13,2023-04-22 15:31:06,2023-04-22 15:31:06
3614,124,34,1254,1999-08-14,2023-04-22 15:31:06,2023-04-22 15:31:06
3624,444,14,634,1975-05-31,2023-04-22 15:31:07,2023-04-22 15:31:07
3634,304,34,584,2012-06-21,2023-04-22 15:31:07,2023-04-22 15:31:07
3644,984,24,1584,1997-09-10,2023-04-22 15:31:07,2023-04-22 15:31:07
3654,754,14,2154,1987-03-19,2023-04-22 15:31:07,2023-04-22 15:31:07
3664,634,24,1534,2013-06-11,2023-04-22 15:31:07,2023-04-22 15:31:07
3674,374,14,1614,1976-08-10,2023-04-22 15:31:07,2023-04-22 15:31:07
3684,904,44,104,1990-10-11,2023-04-22 15:31:08,2023-04-22 15:31:08
3694,404,54,1484,1995-12-04,2023-04-22 15:31:08,2023-04-22 15:31:08
3704,514,14,1164,2021-12-21,2023-04-22 15:31:08,2023-04-22 15:31:08
3714,174,14,874,1991-05-16,2023-04-22 15:31:08,2023-04-22 15:31:08
3724,454,14,864,1971-06-29,2023-04-22 15:31:08,2023-04-22 15:31:08
3734,874,14,394,2000-04-12,2023-04-22 15:31:08,2023-04-22 15:31:08
3744,554,34,2964,1993-05-23,2023-04-22 15:31:09,2023-04-22 15:31:09
3754,494,4,784,2006-06-27,2023-04-22 15:31:09,2023-04-22 15:31:09
3764,534,34,2834,2006-11-19,2023-04-22 15:31:09,2023-04-22 15:31:09
3774,414,14,2274,1973-04-24,2023-04-22 15:31:09,2023-04-22 15:31:09
3784,44,14,1414,2017-11-30,2023-04-22 15:31:09,2023-04-22 15:31:09
3794,854,54,1894,1986-03-10,2023-04-22 15:31:09,2023-04-22 15:31:09
3804,994,44,724,2000-12-09,2023-04-22 15:31:10,2023-04-22 15:31:10
3814,444,54,2594,1971-10-12,2023-04-22 15:31:10,2023-04-22 15:31:10
3824,864,34,2974,2015-03-17,2023-04-22 15:31:10,2023-04-22 15:31:10
3834,264,54,474,1981-03-04,2023-04-22 15:31:10,2023-04-22 15:31:10
3844,124,24,2624,2005-11-16,2023-04-22 15:31:10,2023-04-22 15:31:10
3854,374,24,524,2021-07-11,2023-04-22 15:31:10,2023-04-22 15:31:10
3864,384,44,574,1980-10-16,2023-04-22 15:31:11,2023-04-22 15:31:11
3874,574,24,1694,2020-10-18,2023-04-22 15:31:11,2023-04-22 15:31:11
3884,14,34,1804,2017-04-04,2023-04-22 15:31:11,2023-04-22 15:31:11
3894,94,24,74,2016-07-02,2023-04-22 15:31:11,2023-04-22 15:31:11
3904,724,14,374,1982-03-10,2023-04-22 15:31:11,2023-04-22 15:31:11
3914,194,4,1184,2012-06-28,2023-04-22 15:31:11,2023-04-22 15:31:11
3924,664,54,44,2000-05-27,2023-04-22 15:31:12,2023-04-22 15:31:12
3934,304,44,2074,1978-09-11,2023-04-22 15:31:12,2023-04-22 15:31:12
3944,354,54,1954,2015-01-30,2023-04-22 15:31:12,2023-04-22 15:31:12
3954,504,34,2174,1983-10-15,2023-04-22 15:31:12,2023-04-22 15:31:12
3964,584,44,144,2006-03-20,2023-04-22 15:31:12,2023-04-22 15:31:12
3974,804,4,124,2004-08-25,2023-04-22 15:31:12,2023-04-22 15:31:12
3984,184,44,1904,2016-07-10,2023-04-22 15:31:13,2023-04-22 15:31:13
3994,304,44,1544,1978-05-06,2023-04-22 15:31:13,2023-04-22 15:31:13
4004,904,54,2314,2019-05-06,2023-04-22 15:31:13,2023-04-22 15:31:13
4014,454,24,674,2005-09-17,2023-04-22 15:31:13,2023-04-22 15:31:13
4024,124,24,274,2015-04-27,2023-04-22 15:31:13,2023-04-22 15:31:13
4034,4,34,2734,1983-01-03,2023-04-22 15:31:13,2023-04-22 15:31:13
4044,924,34,2624,1992-09-28,2023-04-22 15:31:14,2023-04-22 15:31:14
4054,404,44,1224,1975-11-30,2023-04-22 15:31:14,2023-04-22 15:31:14
4064,694,24,214,1977-03-11,2023-04-22 15:31:14,2023-04-22 15:31:14
4074,74,4,944,2002-11-18,2023-04-22 15:31:14,2023-04-22 15:31:14
4084,824,24,694,2012-09-24,2023-04-22 15:31:14,2023-04-22 15:31:14
4094,464,54,2844,2015-06-09,2023-04-22 15:31:15,2023-04-22 15:31:15
4104,334,34,314,1989-05-28,2023-04-22 15:31:15,2023-04-22 15:31:15
4114,294,24,1234,2003-11-15,2023-04-22 15:31:15,2023-04-22 15:31:15
4124,684,14,304,1983-07-28,2023-04-22 15:31:15,2023-04-22 15:31:15
4134,954,4,934,1990-09-15,2023-04-22 15:31:15,2023-04-22 15:31:15
4144,374,34,2564,1998-05-30,2023-04-22 15:31:15,2023-04-22 15:31:15
4154,844,44,44,2008-03-12,2023-04-22 15:31:16,2023-04-22 15:31:16
4164,274,44,2974,1987-05-20,2023-04-22 15:31:16,2023-04-22 15:31:16
4174,124,44,1864,1970-09-18,2023-04-22 15:31:16,2023-04-22 15:31:16
4184,134,24,1634,2000-01-14,2023-04-22 15:31:16,2023-04-22 15:31:16
4194,814,44,2804,1998-12-31,2023-04-22 15:31:16,2023-04-22 15:31:16
4204,864,54,1724,2020-07-10,2023-04-22 15:31:17,2023-04-22 15:31:17
4214,144,34,994,2017-09-07,2023-04-22 15:31:17,2023-04-22 15:31:17
4224,334,24,304,2016-03-25,2023-04-22 15:31:17,2023-04-22 15:31:17
4234,814,44,564,1974-05-04,2023-04-22 15:31:17,2023-04-22 15:31:17
4244,234,44,2224,2001-02-03,2023-04-22 15:31:17,2023-04-22 15:31:17
4254,564,54,2484,1993-07-31,2023-04-22 15:31:18,2023-04-22 15:31:18
4264,204,4,434,2005-09-23,2023-04-22 15:31:18,2023-04-22 15:31:18
4274,744,14,44,1983-07-20,2023-04-22 15:31:18,2023-04-22 15:31:18
4284,784,14,2864,1975-12-05,2023-04-22 15:31:18,2023-04-22 15:31:18
4294,164,14,1004,1983-03-08,2023-04-22 15:31:18,2023-04-22 15:31:18
4304,424,14,474,1992-11-29,2023-04-22 15:31:18,2023-04-22 15:31:18
4314,154,44,104,1972-03-13,2023-04-22 15:31:19,2023-04-22 15:31:19
4324,714,4,2474,1977-12-11,2023-04-22 15:31:19,2023-04-22 15:31:19
4334,964,24,2334,1973-12-11,2023-04-22 15:31:19,2023-04-22 15:31:19
4344,294,34,2654,2013-04-08,2023-04-22 15:31:19,2023-04-22 15:31:19
4354,134,44,634,1972-10-12,2023-04-22 15:31:19,2023-04-22 15:31:19
4364,374,4,2124,1997-09-02,2023-04-22 15:31:19,2023-04-22 15:31:19
4374,304,24,2664,2004-07-24,2023-04-22 15:31:20,2023-04-22 15:31:20
4384,374,4,794,2012-05-25,2023-04-22 15:31:20,2023-04-22 15:31:20
4394,404,44,2564,1978-10-09,2023-04-22 15:31:20,2023-04-22 15:31:20
4404,714,34,1674,2004-01-09,2023-04-22 15:31:20,2023-04-22 15:31:20
4414,364,4,2914,1988-05-30,2023-04-22 15:31:20,2023-04-22 15:31:20
4424,424,14,1614,2008-02-12,2023-04-22 15:31:20,2023-04-22 15:31:20
4434,294,24,2454,2013-07-25,2023-04-22 15:31:21,2023-04-22 15:31:21
4444,924,14,2724,2005-01-20,2023-04-22 15:31:21,2023-04-22 15:31:21
4454,64,24,394,2009-01-19,2023-04-22 15:31:21,2023-04-22 15:31:21
4464,94,14,1604,2003-11-15,2023-04-22 15:31:21,2023-04-22 15:31:21
4474,344,14,1174,1996-06-24,2023-04-22 15:31:21,2023-04-22 15:31:21
4484,974,14,1244,1990-01-23,2023-04-22 15:31:22,2023-04-22 15:31:22
4494,24,14,704,1986-07-08,2023-04-22 15:31:22,2023-04-22 15:31:22
4504,14,14,1234,1991-06-11,2023-04-22 15:31:22,2023-04-22 15:31:22
4514,964,14,64,2006-03-13,2023-04-22 15:31:22,2023-04-22 15:31:22
4524,234,54,1074,1993-05-19,2023-04-22 15:31:22,2023-04-22 15:31:22
4534,374,4,1524,1986-05-31,2023-04-22 15:31:22,2023-04-22 15:31:22
4544,304,54,2544,1980-04-03,2023-04-22 15:31:23,2023-04-22 15:31:23
4554,944,4,1654,1982-11-21,2023-04-22 15:31:23,2023-04-22 15:31:23
4564,144,34,1194,2004-06-22,2023-04-22 15:31:23,2023-04-22 15:31:23
4574,744,34,2414,1983-01-13,2023-04-22 15:31:23,2023-04-22 15:31:23
4584,434,54,1214,1977-11-16,2023-04-22 15:31:23,2023-04-22 15:31:23
4594,144,24,54,2014-06-01,2023-04-22 15:31:23,2023-04-22 15:31:23
4604,414,4,1454,1989-10-03,2023-04-22 15:31:24,2023-04-22 15:31:24
4614,54,54,804,1987-07-20,2023-04-22 15:31:24,2023-04-22 15:31:24
4624,714,14,1664,1997-01-04,2023-04-22 15:31:24,2023-04-22 15:31:24
4634,34,24,1524,1987-12-28,2023-04-22 15:31:24,2023-04-22 15:31:24
4644,354,44,324,1976-06-09,2023-04-22 15:31:24,2023-04-22 15:31:24
4654,724,34,2054,1971-11-23,2023-04-22 15:31:24,2023-04-22 15:31:24
4664,944,4,1554,1977-10-06,2023-04-22 15:31:25,2023-04-22 15:31:25
4674,74,24,2284,1996-12-12,2023-04-22 15:31:25,2023-04-22 15:31:25
4684,384,34,1194,1995-03-09,2023-04-22 15:31:25,2023-04-22 15:31:25
4694,214,14,2054,2015-06-04,2023-04-22 15:31:25,2023-04-22 15:31:25
4704,254,24,534,2003-05-16,2023-04-22 15:31:25,2023-04-22 15:31:25
4714,74,54,1234,2001-09-01,2023-04-22 15:31:25,2023-04-22 15:31:25
4724,44,4,1824,2015-04-14,2023-04-22 15:31:26,2023-04-22 15:31:26
4734,384,14,2604,2020-04-15,2023-04-22 15:31:26,2023-04-22 15:31:26
4744,904,54,2514,1972-10-10,2023-04-22 15:31:26,2023-04-22 15:31:26
4754,694,4,2824,2000-11-06,2023-04-22 15:31:26,2023-04-22 15:31:26
4764,974,44,4,1978-06-29,2023-04-22 15:31:26,2023-04-22 15:31:26
4774,564,4,934,2022-01-06,2023-04-22 15:31:26,2023-04-22 15:31:26
4784,764,44,2454,1970-07-12,2023-04-22 15:31:27,2023-04-22 15:31:27
4794,484,4,434,1970-04-21,2023-04-22 15:31:27,2023-04-22 15:31:27
4804,834,14,2844,1975-09-16,2023-04-22 15:31:27,2023-04-22 15:31:27
4814,324,54,1814,2022-02-19,2023-04-22 15:31:27,2023-04-22 15:31:27
4824,924,34,1464,2010-04-05,2023-04-22 15:31:27,2023-04-22 15:31:27
4834,114,54,114,1999-05-22,2023-04-22 15:31:28,2023-04-22 15:31:28
4844,714,34,2154,1976-01-30,2023-04-22 15:31:28,2023-04-22 15:31:28
4854,114,44,2434,1982-11-15,2023-04-22 15:31:28,2023-04-22 15:31:28
4864,544,34,44,1981-04-04,2023-04-22 15:31:28,2023-04-22 15:31:28
4874,764,34,2734,1991-06-15,2023-04-22 15:31:28,2023-04-22 15:31:28
4884,224,14,2524,1974-07-19,2023-04-22 15:31:28,2023-04-22 15:31:28
4894,844,14,1354,1978-07-25,2023-04-22 15:31:29,2023-04-22 15:31:29
4904,194,44,2164,1996-08-06,2023-04-22 15:31:29,2023-04-22 15:31:29
4914,104,44,74,2011-08-10,2023-04-22 15:31:29,2023-04-22 15:31:29
4924,434,44,1454,2010-09-03,2023-04-22 15:31:29,2023-04-22 15:31:29
4934,394,54,2214,1995-05-06,2023-04-22 15:31:29,2023-04-22 15:31:29
4944,164,24,314,1974-06-11,2023-04-22 15:31:29,2023-04-22 15:31:29
4954,4,54,2674,1981-08-17,2023-04-22 15:31:30,2023-04-22 15:31:30
4964,154,14,364,2003-01-19,2023-04-22 15:31:30,2023-04-22 15:31:30
4974,304,34,164,2014-05-06,2023-04-22 15:31:30,2023-04-22 15:31:30
4984,704,44,1014,1970-09-17,2023-04-22 15:31:30,2023-04-22 15:31:30
4994,864,14,2434,2018-08-13,2023-04-22 15:31:30,2023-04-22 15:31:30
5004,864,54,2374,2014-02-27,2023-04-22 15:31:30,2023-04-22 15:31:30
5014,134,34,2914,1978-11-25,2023-04-22 15:31:31,2023-04-22 15:31:31
5024,94,34,1254,1992-12-10,2023-04-22 15:31:31,2023-04-22 15:31:31
5034,684,44,694,2009-04-09,2023-04-22 15:31:31,2023-04-22 15:31:31
5044,204,14,1974,2007-03-03,2023-04-22 15:31:31,2023-04-22 15:31:31
5054,274,54,1204,2019-03-21,2023-04-22 15:31:31,2023-04-22 15:31:31
5064,364,14,1694,2017-12-08,2023-04-22 15:31:31,2023-04-22 15:31:31
5074,834,24,1824,2018-10-13,2023-04-22 15:31:32,2023-04-22 15:31:32
5084,414,24,424,1991-06-03,2023-04-22 15:31:32,2023-04-22 15:31:32
5094,64,34,2014,1985-10-29,2023-04-22 15:31:32,2023-04-22 15:31:32
5104,564,14,494,1979-10-25,2023-04-22 15:31:32,2023-04-22 15:31:32
5114,764,54,1074,1987-03-25,2023-04-22 15:31:32,2023-04-22 15:31:32
5124,134,44,1564,1976-08-31,2023-04-22 15:31:33,2023-04-22 15:31:33
5134,864,44,384,2020-08-27,2023-04-22 15:31:33,2023-04-22 15:31:33
5144,514,34,654,2015-03-22,2023-04-22 15:31:33,2023-04-22 15:31:33
5154,94,24,1204,2016-12-28,2023-04-22 15:31:33,2023-04-22 15:31:33
5164,864,24,874,2014-02-28,2023-04-22 15:31:33,2023-04-22 15:31:33
5174,604,14,2214,2003-05-14,2023-04-22 15:31:33,2023-04-22 15:31:33
5184,64,4,1614,1977-06-22,2023-04-22 15:31:34,2023-04-22 15:31:34
5194,654,4,2794,2020-12-27,2023-04-22 15:31:34,2023-04-22 15:31:34
5204,144,4,1654,2009-01-17,2023-04-22 15:31:34,2023-04-22 15:31:34
5214,914,34,674,1970-11-27,2023-04-22 15:31:34,2023-04-22 15:31:34
5224,934,4,2504,1992-02-14,2023-04-22 15:31:34,2023-04-22 15:31:34
5234,304,54,1734,1996-03-21,2023-04-22 15:31:34,2023-04-22 15:31:34
5244,774,4,2064,1989-11-03,2023-04-22 15:31:35,2023-04-22 15:31:35
5254,124,14,74,2017-02-13,2023-04-22 15:31:35,2023-04-22 15:31:35
5264,204,24,1924,1980-01-14,2023-04-22 15:31:35,2023-04-22 15:31:35
5274,544,44,874,1978-04-26,2023-04-22 15:31:35,2023-04-22 15:31:35
5284,954,24,614,1985-05-14,2023-04-22 15:31:35,2023-04-22 15:31:35
5294,924,44,1304,1982-12-03,2023-04-22 15:31:35,2023-04-22 15:31:35
5304,884,4,2214,2021-12-25,2023-04-22 15:31:36,2023-04-22 15:31:36
5314,794,4,984,1981-05-04,2023-04-22 15:31:36,2023-04-22 15:31:36
5324,384,34,1424,1975-09-18,2023-04-22 15:31:36,2023-04-22 15:31:36
5334,554,34,1854,2007-05-28,2023-04-22 15:31:36,2023-04-22 15:31:36
5344,814,14,34,1983-08-28,2023-04-22 15:31:36,2023-04-22 15:31:36
5354,84,44,1784,1986-09-24,2023-04-22 15:31:36,2023-04-22 15:31:36
5364,304,24,784,2002-09-04,2023-04-22 15:31:37,2023-04-22 15:31:37
5374,534,44,1924,1974-01-22,2023-04-22 15:31:37,2023-04-22 15:31:37
5384,34,34,2514,2023-02-06,2023-04-22 15:31:37,2023-04-22 15:31:37
5394,374,54,1474,1986-05-14,2023-04-22 15:31:37,2023-04-22 15:31:37
5404,304,44,2794,1972-05-19,2023-04-22 15:31:37,2023-04-22 15:31:37
5414,104,24,2834,1978-06-28,2023-04-22 15:31:37,2023-04-22 15:31:37
5424,584,4,1574,1980-07-12,2023-04-22 15:31:38,2023-04-22 15:31:38
5434,914,54,2964,2013-07-02,2023-04-22 15:31:38,2023-04-22 15:31:38
5444,104,54,774,1981-02-18,2023-04-22 15:31:38,2023-04-22 15:31:38
5454,914,44,184,1996-05-07,2023-04-22 15:31:38,2023-04-22 15:31:38
5464,984,24,1074,2018-11-07,2023-04-22 15:31:38,2023-04-22 15:31:38
5474,874,54,2044,1992-10-07,2023-04-22 15:31:38,2023-04-22 15:31:38
5484,234,54,564,2006-01-06,2023-04-22 15:31:39,2023-04-22 15:31:39
5494,624,24,1084,1991-02-16,2023-04-22 15:31:39,2023-04-22 15:31:39
5504,514,4,2314,2022-07-09,2023-04-22 15:31:39,2023-04-22 15:31:39
5514,444,24,2404,2009-06-26,2023-04-22 15:31:39,2023-04-22 15:31:39
5524,184,54,1884,1997-05-25,2023-04-22 15:31:39,2023-04-22 15:31:39
5534,504,14,404,2010-11-24,2023-04-22 15:31:40,2023-04-22 15:31:40
5544,124,54,2614,1979-05-03,2023-04-22 15:31:40,2023-04-22 15:31:40
5554,144,34,2664,2022-07-13,2023-04-22 15:31:40,2023-04-22 15:31:40
5564,564,14,2364,1998-05-02,2023-04-22 15:31:40,2023-04-22 15:31:40
5574,784,24,2764,2009-05-13,2023-04-22 15:31:40,2023-04-22 15:31:40
5584,134,4,2214,1975-08-02,2023-04-22 15:31:40,2023-04-22 15:31:40
5594,304,54,1424,1972-03-16,2023-04-22 15:31:41,2023-04-22 15:31:41
5604,674,24,2804,1973-07-14,2023-04-22 15:31:41,2023-04-22 15:31:41
5614,734,4,2814,2016-08-06,2023-04-22 15:31:41,2023-04-22 15:31:41
5624,314,34,2984,2005-12-24,2023-04-22 15:31:41,2023-04-22 15:31:41
5634,234,4,2984,1982-08-07,2023-04-22 15:31:41,2023-04-22 15:31:41
5644,544,14,2044,2002-07-01,2023-04-22 15:31:41,2023-04-22 15:31:41
5654,324,4,854,1972-11-04,2023-04-22 15:31:42,2023-04-22 15:31:42
5664,174,34,484,1988-08-13,2023-04-22 15:31:42,2023-04-22 15:31:42
5674,254,44,674,2010-09-24,2023-04-22 15:31:42,2023-04-22 15:31:42
5684,464,54,654,2011-02-28,2023-04-22 15:31:42,2023-04-22 15:31:42
5694,244,4,64,1979-08-05,2023-04-22 15:31:42,2023-04-22 15:31:42
5704,334,34,2424,2013-10-21,2023-04-22 15:31:42,2023-04-22 15:31:42
5714,784,4,84,1986-10-28,2023-04-22 15:31:43,2023-04-22 15:31:43
5724,894,24,1014,2022-04-27,2023-04-22 15:31:43,2023-04-22 15:31:43
5734,204,54,2844,2021-04-24,2023-04-22 15:31:43,2023-04-22 15:31:43
5744,944,54,1854,2007-09-24,2023-04-22 15:31:43,2023-04-22 15:31:43
5754,64,24,644,1972-05-25,2023-04-22 15:31:43,2023-04-22 15:31:43
5764,484,34,4,2007-05-29,2023-04-22 15:31:44,2023-04-22 15:31:44
5774,974,4,1164,1971-09-18,2023-04-22 15:31:44,2023-04-22 15:31:44
5784,704,44,784,2000-02-19,2023-04-22 15:31:44,2023-04-22 15:31:44
5794,734,44,744,2015-11-14,2023-04-22 15:31:44,2023-04-22 15:31:44
5804,124,4,2994,1970-05-01,2023-04-22 15:31:44,2023-04-22 15:31:44
5814,24,44,1114,2010-12-15,2023-04-22 15:31:44,2023-04-22 15:31:44
5824,384,44,634,2012-06-14,2023-04-22 15:31:45,2023-04-22 15:31:45
5834,764,44,564,1997-08-07,2023-04-22 15:31:45,2023-04-22 15:31:45
5844,924,4,2864,1981-09-09,2023-04-22 15:31:45,2023-04-22 15:31:45
5854,444,24,2594,1979-11-12,2023-04-22 15:31:45,2023-04-22 15:31:45
5864,734,54,1084,1983-03-28,2023-04-22 15:31:45,2023-04-22 15:31:45
5874,684,14,1774,1999-09-21,2023-04-22 15:31:45,2023-04-22 15:31:45
5884,864,14,2904,2005-06-23,2023-04-22 15:31:46,2023-04-22 15:31:46
5894,274,54,1884,1989-10-08,2023-04-22 15:31:46,2023-04-22 15:31:46
5904,94,34,2914,1976-10-22,2023-04-22 15:31:46,2023-04-22 15:31:46
5914,594,24,1754,1977-09-24,2023-04-22 15:31:46,2023-04-22 15:31:46
5924,294,44,594,1978-04-13,2023-04-22 15:31:46,2023-04-22 15:31:46
5934,34,44,524,2012-11-30,2023-04-22 15:31:46,2023-04-22 15:31:46
5944,264,4,1234,1995-08-28,2023-04-22 15:31:47,2023-04-22 15:31:47
5954,354,24,704,2004-01-06,2023-04-22 15:31:47,2023-04-22 15:31:47
5964,534,4,1964,1983-07-31,2023-04-22 15:31:47,2023-04-22 15:31:47
5974,994,34,2724,2015-07-23,2023-04-22 15:31:47,2023-04-22 15:31:47
5984,544,4,2084,2007-05-12,2023-04-22 15:31:47,2023-04-22 15:31:47
5994,594,14,1034,1977-02-13,2023-04-22 15:31:47,2023-04-22 15:31:47
6004,134,54,2914,1983-12-19,2023-04-22 15:31:48,2023-04-22 15:31:48
6014,924,54,2024,2016-01-12,2023-04-22 15:31:48,2023-04-22 15:31:48
6024,744,4,1394,2009-04-27,2023-04-22 15:31:48,2023-04-22 15:31:48
6034,384,44,2844,2005-05-21,2023-04-22 15:31:48,2023-04-22 15:31:48
6044,414,44,1764,1975-02-06,2023-04-22 15:31:48,2023-04-22 15:31:48
6054,554,4,244,1995-12-08,2023-04-22 15:31:48,2023-04-22 15:31:48
6064,954,54,544,2022-07-22,2023-04-22 15:31:49,2023-04-22 15:31:49
6074,134,44,2014,2020-10-15,2023-04-22 15:31:49,2023-04-22 15:31:49
6084,204,4,2854,2003-07-09,2023-04-22 15:31:49,2023-04-22 15:31:49
6094,704,4,2904,2005-10-14,2023-04-22 15:31:49,2023-04-22 15:31:49
6104,314,14,1774,1990-09-17,2023-04-22 15:31:49,2023-04-22 15:31:49
6114,574,54,2064,2016-07-02,2023-04-22 15:31:49,2023-04-22 15:31:49
6124,434,44,2124,1981-05-10,2023-04-22 15:31:50,2023-04-22 15:31:50
6134,514,44,1204,2001-03-22,2023-04-22 15:31:50,2023-04-22 15:31:50
6144,24,14,1984,2020-11-23,2023-04-22 15:31:50,2023-04-22 15:31:50
6154,614,34,1004,1978-11-16,2023-04-22 15:31:50,2023-04-22 15:31:50
6164,674,24,2774,1994-06-04,2023-04-22 15:31:50,2023-04-22 15:31:50
6174,54,54,1024,2007-09-22,2023-04-22 15:31:51,2023-04-22 15:31:51
6184,214,44,2034,2006-10-18,2023-04-22 15:31:51,2023-04-22 15:31:51
6194,144,54,2264,1993-09-20,2023-04-22 15:31:51,2023-04-22 15:31:51
6204,74,24,1004,2002-10-29,2023-04-22 15:31:51,2023-04-22 15:31:51
6214,444,4,104,1993-12-08,2023-04-22 15:31:51,2023-04-22 15:31:51
6224,144,54,144,1997-07-04,2023-04-22 15:31:51,2023-04-22 15:31:51
6234,664,54,2584,1972-07-08,2023-04-22 15:31:52,2023-04-22 15:31:52
6244,324,44,2064,1992-12-07,2023-04-22 15:31:52,2023-04-22 15:31:52
6254,224,34,514,1995-06-11,2023-04-22 15:31:52,2023-04-22 15:31:52
6264,514,14,424,2020-09-08,2023-04-22 15:31:52,2023-04-22 15:31:52
6274,344,24,2674,1988-11-16,2023-04-22 15:31:52,2023-04-22 15:31:52
6284,384,14,2204,2015-11-19,2023-04-22 15:31:52,2023-04-22 15:31:52
6294,94,44,2274,1996-08-10,2023-04-22 15:31:53,2023-04-22 15:31:53
6304,164,54,2384,1997-01-14,2023-04-22 15:31:53,2023-04-22 15:31:53
6314,144,14,1054,1993-05-26,2023-04-22 15:31:53,2023-04-22 15:31:53
6324,954,44,2394,1988-06-01,2023-04-22 15:31:53,2023-04-22 15:31:53
6334,864,4,1744,1980-09-21,2023-04-22 15:31:53,2023-04-22 15:31:53
6344,284,4,1874,1979-11-03,2023-04-22 15:31:53,2023-04-22 15:31:53
6354,54,54,1004,2017-08-27,2023-04-22 15:31:54,2023-04-22 15:31:54
6364,4,24,2854,1977-04-15,2023-04-22 15:31:54,2023-04-22 15:31:54
6374,814,44,1754,1985-12-30,2023-04-22 15:31:54,2023-04-22 15:31:54
6384,154,24,24,1981-12-30,2023-04-22 15:31:54,2023-04-22 15:31:54
6394,834,34,1474,1984-04-28,2023-04-22 15:31:54,2023-04-22 15:31:54
6404,244,34,1234,1983-12-01,2023-04-22 15:31:54,2023-04-22 15:31:54
6414,114,34,74,1999-10-29,2023-04-22 15:31:55,2023-04-22 15:31:55
6424,274,24,34,2017-04-01,2023-04-22 15:31:55,2023-04-22 15:31:55
6434,534,4,1664,2018-12-25,2023-04-22 15:31:55,2023-04-22 15:31:55
6444,74,34,784,2011-11-30,2023-04-22 15:31:55,2023-04-22 15:31:55
6454,974,14,264,2003-11-28,2023-04-22 15:31:55,2023-04-22 15:31:55
6464,274,14,794,1987-05-22,2023-04-22 15:31:55,2023-04-22 15:31:55
6474,264,54,564,1986-08-16,2023-04-22 15:31:56,2023-04-22 15:31:56
6484,584,14,2234,1986-05-13,2023-04-22 15:31:56,2023-04-22 15:31:56
6494,514,24,1844,2018-02-18,2023-04-22 15:31:56,2023-04-22 15:31:56
6504,854,4,524,1992-12-29,2023-04-22 15:31:56,2023-04-22 15:31:56
6514,174,24,224,1987-05-29,2023-04-22 15:31:56,2023-04-22 15:31:56
6524,244,54,1924,2015-08-04,2023-04-22 15:31:56,2023-04-22 15:31:56
6534,104,44,1624,1980-09-14,2023-04-22 15:31:57,2023-04-22 15:31:57
6544,264,54,954,2008-04-29,2023-04-22 15:31:57,2023-04-22 15:31:57
6554,534,14,1004,1984-10-24,2023-04-22 15:31:57,2023-04-22 15:31:57
6564,674,14,2224,2009-01-29,2023-04-22 15:31:57,2023-04-22 15:31:57
6574,84,44,904,2021-08-02,2023-04-22 15:31:57,2023-04-22 15:31:57
6584,834,24,2204,1986-12-27,2023-04-22 15:31:58,2023-04-22 15:31:58
6594,844,54,1064,2021-05-12,2023-04-22 15:31:58,2023-04-22 15:31:58
6604,824,4,2794,1987-01-10,2023-04-22 15:31:58,2023-04-22 15:31:58
6614,674,34,1724,1974-11-03,2023-04-22 15:31:58,2023-04-22 15:31:58
6624,334,54,204,1995-12-05,2023-04-22 15:31:58,2023-04-22 15:31:58
6634,914,14,64,2021-01-09,2023-04-22 15:31:58,2023-04-22 15:31:58
6644,404,34,494,2006-12-13,2023-04-22 15:31:59,2023-04-22 15:31:59
6654,84,34,2814,2018-01-19,2023-04-22 15:31:59,2023-04-22 15:31:59
6664,894,14,2914,1985-04-28,2023-04-22 15:31:59,2023-04-22 15:31:59
6674,894,24,384,1990-05-27,2023-04-22 15:31:59,2023-04-22 15:31:59
6684,404,4,314,2006-06-23,2023-04-22 15:31:59,2023-04-22 15:31:59
6694,104,54,1114,2008-01-05,2023-04-22 15:31:59,2023-04-22 15:31:59
6704,634,34,1634,1979-02-22,2023-04-22 15:32:00,2023-04-22 15:32:00
6714,884,4,1434,1992-08-29,2023-04-22 15:32:00,2023-04-22 15:32:00
6724,804,14,1844,1975-12-01,2023-04-22 15:32:00,2023-04-22 15:32:00
6734,904,14,434,2006-10-14,2023-04-22 15:32:00,2023-04-22 15:32:00
6744,204,54,724,2003-07-13,2023-04-22 15:32:00,2023-04-22 15:32:00
6754,474,54,1484,1990-07-23,2023-04-22 15:32:00,2023-04-22 15:32:00
6764,824,44,2894,2008-05-01,2023-04-22 15:32:01,2023-04-22 15:32:01
6774,464,14,1474,2019-10-05,2023-04-22 15:32:01,2023-04-22 15:32:01
6784,314,44,1474,2022-07-16,2023-04-22 15:32:01,2023-04-22 15:32:01
6794,744,34,1364,2021-10-15,2023-04-22 15:32:01,2023-04-22 15:32:01
6804,684,24,2274,2012-10-11,2023-04-22 15:32:01,2023-04-22 15:32:01
6814,434,34,934,1973-09-06,2023-04-22 15:32:02,2023-04-22 15:32:02
6824,204,24,174,1991-12-14,2023-04-22 15:32:02,2023-04-22 15:32:02
6834,614,54,1264,1997-01-29,2023-04-22 15:32:02,2023-04-22 15:32:02
6844,14,54,2794,2019-11-15,2023-04-22 15:32:02,2023-04-22 15:32:02
6854,294,44,2684,1988-02-22,2023-04-22 15:32:02,2023-04-22 15:32:02
6864,224,34,304,2020-10-16,2023-04-22 15:32:03,2023-04-22 15:32:03
6874,424,34,1314,2011-05-15,2023-04-22 15:32:03,2023-04-22 15:32:03
6884,354,54,644,2003-03-03,2023-04-22 15:32:03,2023-04-22 15:32:03
6894,494,54,1164,1989-09-16,2023-04-22 15:32:03,2023-04-22 15:32:03
6904,154,4,2504,1982-10-19,2023-04-22 15:32:03,2023-04-22 15:32:03
6914,804,44,1964,2019-12-29,2023-04-22 15:32:03,2023-04-22 15:32:03
6924,814,34,1634,2011-07-23,2023-04-22 15:32:04,2023-04-22 15:32:04
6934,754,24,344,1993-03-30,2023-04-22 15:32:04,2023-04-22 15:32:04
6944,254,14,804,1982-01-05,2023-04-22 15:32:04,2023-04-22 15:32:04
6954,4,4,2254,2003-08-29,2023-04-22 15:32:04,2023-04-22 15:32:04
6964,624,34,654,1999-11-10,2023-04-22 15:32:04,2023-04-22 15:32:04
6974,634,24,1174,1982-02-27,2023-04-22 15:32:04,2023-04-22 15:32:04
6984,674,54,574,2012-04-26,2023-04-22 15:32:05,2023-04-22 15:32:05
6994,904,54,674,1998-03-28,2023-04-22 15:32:05,2023-04-22 15:32:05
7004,894,14,2604,1984-09-20,2023-04-22 15:32:05,2023-04-22 15:32:05
7014,144,24,2374,2012-04-17,2023-04-22 15:32:05,2023-04-22 15:32:05
7024,4,54,1484,1980-12-19,2023-04-22 15:32:05,2023-04-22 15:32:05
7034,514,14,594,2017-08-28,2023-04-22 15:32:05,2023-04-22 15:32:05
7044,134,34,954,1977-03-29,2023-04-22 15:32:06,2023-04-22 15:32:06
7054,454,14,204,2007-11-13,2023-04-22 15:32:06,2023-04-22 15:32:06
7064,864,34,1164,2009-07-01,2023-04-22 15:32:06,2023-04-22 15:32:06
7074,514,44,404,1986-06-13,2023-04-22 15:32:06,2023-04-22 15:32:06
7084,24,34,1824,2021-08-25,2023-04-22 15:32:06,2023-04-22 15:32:06
7094,554,4,2294,2018-09-19,2023-04-22 15:32:06,2023-04-22 15:32:06
7104,654,54,1454,1978-05-21,2023-04-22 15:32:07,2023-04-22 15:32:07
7114,894,4,994,2021-10-31,2023-04-22 15:32:07,2023-04-22 15:32:07
7124,904,4,504,1998-04-02,2023-04-22 15:32:07,2023-04-22 15:32:07
7134,424,44,1424,2014-01-16,2023-04-22 15:32:07,2023-04-22 15:32:07
7144,234,14,1764,1990-12-11,2023-04-22 15:32:07,2023-04-22 15:32:07
7154,754,24,714,1973-03-19,2023-04-22 15:32:07,2023-04-22 15:32:07
7164,294,34,1234,2017-12-06,2023-04-22 15:32:08,2023-04-22 15:32:08
7174,224,4,2154,2011-10-17,2023-04-22 15:32:08,2023-04-22 15:32:08
7184,464,4,984,1986-07-14,2023-04-22 15:32:08,2023-04-22 15:32:08
7194,874,24,414,1978-10-07,2023-04-22 15:32:08,2023-04-22 15:32:08
7204,474,44,2354,1999-07-15,2023-04-22 15:32:08,2023-04-22 15:32:08
7214,944,24,1634,2001-05-30,2023-04-22 15:32:09,2023-04-22 15:32:09
7224,104,54,1664,2006-09-24,2023-04-22 15:32:09,2023-04-22 15:32:09
7234,664,14,1984,1992-11-26,2023-04-22 15:32:09,2023-04-22 15:32:09
7244,784,44,1154,2008-11-12,2023-04-22 15:32:09,2023-04-22 15:32:09
7254,874,54,434,2009-02-10,2023-04-22 15:32:09,2023-04-22 15:32:09
7264,644,44,2254,1999-11-25,2023-04-22 15:32:09,2023-04-22 15:32:09
7274,14,54,2544,2002-02-15,2023-04-22 15:32:10,2023-04-22 15:32:10
7284,894,24,114,1977-03-14,2023-04-22 15:32:10,2023-04-22 15:32:10
7294,364,4,1184,1976-05-17,2023-04-22 15:32:10,2023-04-22 15:32:10
7304,384,44,1734,1970-08-29,2023-04-22 15:32:10,2023-04-22 15:32:10
7314,254,24,2784,2020-05-04,2023-04-22 15:32:10,2023-04-22 15:32:10
7324,764,34,94,2019-02-02,2023-04-22 15:32:10,2023-04-22 15:32:10
7334,314,44,1774,1977-04-01,2023-04-22 15:32:11,2023-04-22 15:32:11
7344,544,4,2384,1977-04-08,2023-04-22 15:32:11,2023-04-22 15:32:11
7354,684,24,724,1992-08-26,2023-04-22 15:32:11,2023-04-22 15:32:11
7364,954,24,854,1975-12-05,2023-04-22 15:32:11,2023-04-22 15:32:11
7374,364,4,124,1989-11-25,2023-04-22 15:32:11,2023-04-22 15:32:11
7384,394,44,1584,2012-08-18,2023-04-22 15:32:11,2023-04-22 15:32:11
7394,694,54,84,2003-12-08,2023-04-22 15:32:12,2023-04-22 15:32:12
7404,944,44,2064,1981-03-27,2023-04-22 15:32:12,2023-04-22 15:32:12
7414,424,4,764,1972-06-04,2023-04-22 15:32:12,2023-04-22 15:32:12
7424,724,14,2034,1989-12-25,2023-04-22 15:32:12,2023-04-22 15:32:12
7434,824,24,2854,2018-10-09,2023-04-22 15:32:12,2023-04-22 15:32:12
7444,224,34,2154,1989-06-22,2023-04-22 15:32:12,2023-04-22 15:32:12
7454,794,54,124,2015-05-28,2023-04-22 15:32:13,2023-04-22 15:32:13
7464,954,4,1434,2007-11-25,2023-04-22 15:32:13,2023-04-22 15:32:13
7474,984,34,1154,2002-06-03,2023-04-22 15:32:13,2023-04-22 15:32:13
7484,164,14,354,1997-12-12,2023-04-22 15:32:13,2023-04-22 15:32:13
7494,924,34,1454,2005-10-26,2023-04-22 15:32:13,2023-04-22 15:32:13
7504,534,4,64,1972-02-24,2023-04-22 15:32:13,2023-04-22 15:32:13
7514,194,44,644,2019-07-24,2023-04-22 15:32:14,2023-04-22 15:32:14
7524,794,14,2454,2012-07-29,2023-04-22 15:32:14,2023-04-22 15:32:14
7534,334,54,2084,1973-01-07,2023-04-22 15:32:14,2023-04-22 15:32:14
7544,384,14,1924,1983-02-21,2023-04-22 15:32:14,2023-04-22 15:32:14
7554,264,44,1194,2008-07-21,2023-04-22 15:32:14,2023-04-22 15:32:14
7564,884,44,2064,2010-11-14,2023-04-22 15:32:15,2023-04-22 15:32:15
7574,374,4,1574,1980-02-19,2023-04-22 15:32:15,2023-04-22 15:32:15
7584,294,34,2824,1985-02-14,2023-04-22 15:32:15,2023-04-22 15:32:15
7594,964,14,674,2022-08-07,2023-04-22 15:32:15,2023-04-22 15:32:15
7604,314,34,1934,2014-05-25,2023-04-22 15:32:15,2023-04-22 15:32:15
7614,294,14,914,2006-06-01,2023-04-22 15:32:15,2023-04-22 15:32:15
7624,204,14,2804,1986-02-19,2023-04-22 15:32:16,2023-04-22 15:32:16
7634,444,44,2124,2006-04-18,2023-04-22 15:32:16,2023-04-22 15:32:16
7644,194,54,1494,1972-01-13,2023-04-22 15:32:16,2023-04-22 15:32:16
7654,134,4,1424,1970-08-18,2023-04-22 15:32:16,2023-04-22 15:32:16
7664,254,34,464,1977-11-11,2023-04-22 15:32:16,2023-04-22 15:32:16
7674,604,4,454,2021-11-18,2023-04-22 15:32:16,2023-04-22 15:32:16
7684,364,54,2834,1996-11-09,2023-04-22 15:32:17,2023-04-22 15:32:17
7694,174,34,2874,2006-06-23,2023-04-22 15:32:17,2023-04-22 15:32:17
7704,594,24,264,1990-01-05,2023-04-22 15:32:17,2023-04-22 15:32:17
7714,414,44,1834,2019-06-24,2023-04-22 15:32:17,2023-04-22 15:32:17
7724,684,54,184,2011-10-01,2023-04-22 15:32:17,2023-04-22 15:32:17
7734,354,34,1524,1995-01-18,2023-04-22 15:32:17,2023-04-22 15:32:17
7744,644,54,2324,1998-05-17,2023-04-22 15:32:18,2023-04-22 15:32:18
7754,384,14,1094,1999-05-27,2023-04-22 15:32:18,2023-04-22 15:32:18
7764,764,54,2514,1993-02-10,2023-04-22 15:32:18,2023-04-22 15:32:18
7774,404,54,484,2011-07-19,2023-04-22 15:32:18,2023-04-22 15:32:18
7784,74,34,2544,1987-05-27,2023-04-22 15:32:18,2023-04-22 15:32:18
7794,164,34,584,1981-05-26,2023-04-22 15:32:18,2023-04-22 15:32:18
7804,274,54,1964,2016-01-25,2023-04-22 15:32:19,2023-04-22 15:32:19
7814,904,34,2424,2003-06-09,2023-04-22 15:32:19,2023-04-22 15:32:19
7824,754,54,1384,1982-03-08,2023-04-22 15:32:19,2023-04-22 15:32:19
7834,284,44,2404,1986-07-01,2023-04-22 15:32:19,2023-04-22 15:32:19
7844,64,14,1374,2016-12-13,2023-04-22 15:32:19,2023-04-22 15:32:19
7854,534,54,1514,2000-10-28,2023-04-22 15:32:19,2023-04-22 15:32:19
7864,554,34,2494,1989-02-24,2023-04-22 15:32:20,2023-04-22 15:32:20
7874,154,44,2144,2012-02-06,2023-04-22 15:32:20,2023-04-22 15:32:20
7884,764,34,1074,1992-06-19,2023-04-22 15:32:20,2023-04-22 15:32:20
7894,864,24,2494,2014-06-24,2023-04-22 15:32:20,2023-04-22 15:32:20
7904,574,44,524,1995-10-14,2023-04-22 15:32:20,2023-04-22 15:32:20
7914,724,4,1304,1974-08-28,2023-04-22 15:32:20,2023-04-22 15:32:20
7924,744,54,554,1983-04-30,2023-04-22 15:32:21,2023-04-22 15:32:21
7934,384,4,44,1989-06-18,2023-04-22 15:32:21,2023-04-22 15:32:21
7944,314,54,374,1985-12-21,2023-04-22 15:32:21,2023-04-22 15:32:21
7954,404,54,1374,1979-03-07,2023-04-22 15:32:21,2023-04-22 15:32:21
7964,574,4,2404,2007-10-19,2023-04-22 15:32:21,2023-04-22 15:32:21
7974,214,54,2854,2012-07-28,2023-04-22 15:32:21,2023-04-22 15:32:21
7984,894,4,2734,2017-02-18,2023-04-22 15:32:22,2023-04-22 15:32:22
7994,834,34,754,1991-10-19,2023-04-22 15:32:22,2023-04-22 15:32:22